Age,Gender,Attendance,Participation,CS101A,CS102A,Actual_CGPA,Predicted_CGPA
20,0,85.5925768,56.72420163,A,D,2.3,2.4690375
18,1,93.51425627,50.98723764,C,A,2.8,2.5029402
23,0,61.65960847,55.06684891,E,C,1.412,1.3396832
26,0,67.09069416,65.3869479,D,C,2.3,2.0730157
26,0,80.14234931,69.63467315,A,A,2.45,2.5492716
20,1,93.27448235,65.62008655,C,D,2.325,2.5724497
25,1,78.70780294,85.58001061,B,B,2.925,2.966372
21,1,56.01410639,68.17758155,C,A,2.275,2.1377013
26,1,88.10608869,55.39147057,A,A,2.5,2.5634334
23,0,56.51356013,74.7155864,D,A,2.362,2.1300983
20,0,69.42076792,89.76461453,B,C,2.35,2.7367222
22,1,68.27276559,52.73617582,B,C,2.013,1.7736244
19,0,85.81608373,57.53093314,A,B,2.45,2.5263855
24,0,67.29869178,63.66994584,A,D,2.175,2.1588776
26,0,95.88226887,52.93773454,C,A,2.325,2.4696863
21,1,54.24736875,68.03155644,D,B,2.062,2.0600388
23,0,87.68416367,99.52634964,A,A,3.45,3.5235033
25,1,69.75184617,55.00598929,C,D,1.9,2.116992
25,0,78.27134753,91.25143288,B,C,2.975,2.956712
18,1,98.20273866,82.05382934,B,B,3.275,3.3298671
26,0,86.43268633,61.86119629,A,C,2.65,2.4807112
26,0,82.55224469,83.89603891,A,B,2.825,3.0186625
22,1,59.02541149,97.30590881,A,A,2.525,2.5935404
26,0,80.5319536,84.73618106,A,A,3.0,3.0101705
23,0,90.63408062,70.11337785,B,B,3.175,2.8565288
19,0,82.67377707,85.35020281,A,A,2.9,3.048633
21,0,56.44664125,63.36337647,F,B,1.262,1.3408787
23,1,96.10523284,72.19880442,C,A,2.9,3.0147161
18,1,90.12908282,75.15179538,B,C,2.85,2.9679847
18,0,65.57908023,78.63576731,B,B,2.35,2.4464207
23,0,90.00853197,56.73281015,C,C,2.375,2.4403903
19,1,62.81247847,60.59634801,B,C,2.375,2.1128976
26,0,84.8249014,82.66717622,C,C,2.975,2.9101288
25,1,68.4917024,71.13058607,B,D,1.825,2.2745383
21,1,78.50581721,80.49169673,A,B,2.725,2.7037005
21,0,88.12866729,55.17458287,A,D,2.475,2.4589422
20,0,85.23549789,59.74704617,A,B,2.3,2.5227616
26,0,83.48782677,78.91757698,B,B,3.1,2.975381
25,1,75.60790152,86.05124851,A,B,3.2,2.918621
20,0,66.81126987,98.15149444,C,B,3.025,2.9707816
20,1,71.86112149,63.44022567,C,B,2.2,2.168021
22,0,74.38606217,65.62830356,C,B,2.7,2.3875325
18,1,98.78353045,94.59781885,B,B,3.6,3.4725916
20,1,65.39830384,52.95280289,E,F,1.1,1.3349637
26,0,65.38765625,81.25183709,C,C,2.4,2.4363425
24,1,89.39535802,77.30045275,A,A,2.85,2.9861069
25,1,74.08666898,62.68715492,D,B,2.288,2.1111834
20,0,69.30076225,59.40546702,C,D,1.875,2.049142
18,0,76.81234082,62.52819066,B,A,2.188,2.3412032
25,0,61.7719216,97.67924032,C,D,2.425,2.606204
20,0,70.67644225,76.4291219,B,A,2.675,2.5477264
18,1,77.81544504,71.8302783,D,B,2.575,2.4782996
24,1,84.40340873,55.01432029,A,B,2.525,2.4539213
25,0,68.87356337,63.19039208,E,D,2.188,2.0266395
23,0,76.21440261,67.93822299,B,D,2.325,2.4631352
25,0,91.59569012,98.02775864,A,B,3.55,3.5090282
23,1,67.29189247,83.26406309,A,C,2.7,2.5855246
19,1,96.75229251,71.28744056,B,B,3.075,3.0179932
25,1,99.7599659,64.4097644,A,C,2.85,2.9931111
22,1,53.22437145,73.88520539,A,B,1.775,2.135327
19,1,81.97198521,68.96653239,A,A,2.575,2.5925515
22,0,82.33081647,53.43666963,C,A,2.375,2.202133
19,0,79.10955892,64.62340396,B,D,2.725,2.4483385
25,0,76.34726932,59.07885825,C,C,2.0,2.0663269
20,0,69.49554249,91.06981935,A,A,3.225,2.8629024
21,1,96.48907362,79.61598124,B,A,3.125,3.039714
19,1,91.18561681,72.92744683,A,B,3.3,3.033361
25,1,92.91980641,59.06098241,A,D,2.675,2.3898838
24,0,59.56539957,50.44078202,F,C,1.275,1.2745261
21,0,71.70307833,71.3480818,A,B,2.375,2.5276303
22,1,95.37480942,77.26188735,A,C,2.925,2.9648857
19,1,78.52626183,70.95568115,C,B,2.65,2.5301204
23,1,59.47851151,82.39150988,A,C,2.575,2.4119306
25,0,78.46029604,51.76441199,D,B,2.05,2.095218
21,1,88.84686488,57.03582146,C,C,2.575,2.4722092
19,1,71.666342,99.32895215,C,A,3.1,2.984526
25,1,50.28659599,95.06238632,C,B,2.85,2.5635648
20,0,80.29715969,58.67020138,C,A,1.775,2.183153
22,0,68.65053313,98.85169424,C,C,3.075,2.969014
24,0,87.11342706,85.95053637,A,A,3.05,3.0506914
20,1,74.52662706,71.45993339,C,D,2.55,2.4622319
26,1,85.28109668,53.39511442,C,D,1.9,2.2381797
25,1,94.28920236,97.6811038,A,B,3.625,3.5051672
24,1,74.78183991,93.63571679,B,A,3.075,3.0552368
25,1,51.11100519,70.14143497,B,E,1.7,2.0143836
23,1,53.91917538,67.44408036,A,A,2.4,2.139168
23,0,90.42283939,75.98844361,C,A,2.85,2.9592075
20,0,61.93303563,96.2225954,D,B,2.6,2.437683
26,0,65.49499876,99.50533075,C,A,3.025,3.0464709
25,1,92.45816465,84.4430616,C,A,2.9,3.0164068
26,1,90.75235803,73.67400194,C,B,2.85,2.9439526
20,1,59.06199043,80.23719863,B,B,2.2,2.277523
19,0,93.85189751,90.40550732,B,B,3.525,3.4826558
24,0,50.28106557,76.1474909,E,E,2.288,2.0274982
21,1,56.85589038,65.81177395,E,D,2.188,1.9636215
20,1,71.44260233,57.68138323,E,B,2.175,2.0619457
21,1,64.62952678,52.85301059,F,F,1.412,1.101747
24,0,85.69403311,69.26438892,C,A,2.625,2.7112103
22,1,65.36249045,87.75161277,B,D,2.65,2.4494376
21,0,84.37137429,87.76727153,C,B,2.975,2.9764647
23,0,61.01933788,83.59098989,B,A,2.575,2.5140772
22,1,76.09936056,69.34780468,A,B,2.9,2.534873
24,0,51.92021285,57.86662018,B,F,1.4,1.2960604
26,0,94.31941301,95.86063887,B,B,3.4,3.4846952
26,0,64.15472406,67.72699202,C,D,2.075,2.1215687
25,1,98.24627596,57.29787667,A,A,2.5,2.5487082
25,0,86.9632461,53.74454959,D,D,2.025,2.2077267
23,0,84.03162733,73.42315713,C,C,2.525,2.5710058
22,0,83.49015734,51.92866173,E,A,2.312,2.1071618
24,1,73.23319699,68.03684712,D,A,2.375,2.32555
22,1,62.87530593,71.25409143,B,D,2.375,2.1743276
19,1,77.64896996,65.41767609,B,B,2.575,2.46502
22,1,95.3896948,91.12301829,A,A,3.575,3.511145
18,1,51.2202986,75.13391693,E,D,2.25,2.1335623
26,1,50.65113812,77.51608008,B,E,1.838,2.130334
19,1,86.61466767,59.64818709,D,B,2.125,2.4601808
19,1,74.8702343,98.4315647,A,A,2.9,3.047804
18,1,89.82528557,77.72425869,C,C,3.15,2.9427764
20,1,53.92465904,84.0619898,D,E,1.925,1.8479898
22,0,53.72803234,96.73529988,A,D,2.425,2.4259074
19,0,54.42264772,61.6499224,B,C,1.238,1.3809296
20,1,93.26103728,78.83495087,B,B,3.075,3.0157819
23,1,78.16077829,85.61036822,B,B,2.975,2.9446871
24,1,55.05349455,64.84944076,C,C,1.212,1.8475261
21,0,98.46093311,58.21619156,A,D,2.625,2.4439006
20,1,90.32102829,99.07851366,A,B,3.5,3.5107205
19,1,52.4367845,95.73691821,B,C,2.6,2.5114763
21,0,87.44194076,68.77981089,B,C,2.625,2.599781
20,0,89.02107181,82.47257967,B,A,2.9,3.0179594
22,1,67.37133109,94.69312416,A,C,3.05,2.9390564
23,1,94.4128337,96.46459066,A,B,3.525,3.5079515
19,1,51.18190891,74.44648289,B,D,2.125,2.1522768
23,1,95.81744921,74.89274029,B,C,2.725,2.98539
21,0,91.97917036,64.93653488,D,B,2.575,2.5007274
22,1,83.59385354,80.73377148,C,A,2.95,2.9309666
20,0,99.48833536,70.06921443,C,C,2.925,2.9487429
22,0,86.68128616,98.88745474,B,B,3.5,3.4786932
26,1,80.82819568,56.10369703,A,B,2.3,2.2600827
23,0,69.0916095,63.72504765,E,D,2.225,2.0143142
24,0,73.37977526,83.88516341,D,D,2.3,2.413299
19,1,81.82878833,97.62331888,A,A,3.1,3.2257957
22,1,83.55557336,70.63210214,D,B,2.55,2.4541748
23,1,97.52683954,55.03524259,D,A,2.5,2.4891472
26,1,89.12723021,73.26265682,C,B,3.15,2.9331403
19,0,55.15991542,92.07359067,B,A,2.375,2.5671284
23,1,51.81195986,53.98318423,D,F,1.675,1.2804042
25,1,97.89640142,76.52807352,B,C,2.95,2.9709446
26,1,58.61671816,50.25175109,E,F,1.225,1.2354983
20,0,85.65756507,54.5435342,A,B,2.475,2.4643414
26,1,73.05601222,54.93663153,B,B,2.05,2.178764
19,0,51.26270473,88.34331797,C,B,2.088,2.3884735
21,1,90.03260677,77.9654602,C,A,3.0,2.965859
22,1,82.5543293,66.07711031,D,A,2.25,2.5080185
23,0,74.31858408,86.99619781,B,A,2.7,2.8668017
24,1,55.03320183,86.92999407,C,D,2.525,2.4509523
25,0,86.62664275,69.48622562,A,D,2.8,2.5473716
20,1,76.96283995,98.55443483,B,B,3.075,3.03681
20,0,76.26297222,87.10632888,B,C,3.025,2.8893464
22,0,70.95288134,52.00734251,C,C,2.275,2.08718
22,1,72.0891633,96.43083826,C,A,3.05,2.977718
21,0,79.9814283,63.63016778,C,C,2.125,2.462719
19,0,90.90378769,64.7381482,D,C,2.275,2.4672372
21,1,79.66806996,51.59844199,E,D,2.2,2.006755
24,0,96.29651647,86.71647329,A,A,3.5,3.4892354
19,1,61.46830483,55.20266842,C,D,1.462,1.3276507
18,0,53.98830948,80.22956635,B,D,2.075,2.1038868
20,1,65.24320056,69.82342169,E,C,2.412,2.0909405
23,1,77.57292193,96.07758474,B,B,2.875,3.060487
23,1,74.23682737,99.69298736,A,A,3.0,3.088786
25,1,65.22195797,93.41743675,D,A,2.575,2.4917598
18,0,89.11822729,55.46114545,A,D,2.7,2.5275352
24,1,68.46544355,95.95544208,B,B,2.9,2.9602883
20,0,64.52032237,72.94231187,D,B,2.575,2.1718397
23,0,78.15795949,55.51443831,C,B,1.875,2.0948052
21,1,98.00626402,61.12923008,B,D,2.4,2.6030943
22,1,64.76673093,56.65029819,E,B,2.362,1.7583222
20,1,57.9059583,79.91582371,E,A,2.438,2.1460955
18,0,74.6133964,65.49916903,C,D,2.475,2.3544283
22,0,68.92488892,92.837611,C,B,2.85,2.8680925
24,1,89.61474189,82.03697245,C,C,2.975,2.9492517
21,1,63.18685447,88.52143355,C,A,2.675,2.5129437
19,0,99.80552247,56.41416771,C,C,2.525,2.4174318
18,1,54.02309348,87.01266676,A,C,2.625,2.495052
22,0,99.79224732,83.12870922,B,A,3.35,3.4616234
25,0,97.95840832,58.39801889,B,A,2.55,2.5633485
25,0,91.61038514,55.39911044,D,A,2.55,2.4926696
18,1,96.23266215,70.05422351,C,C,2.7,2.9579265
20,0,57.69030109,98.43580251,B,B,2.725,2.5164607
19,1,91.77645929,80.1755459,A,B,2.95,3.0360897
18,1,77.16306517,56.86751699,A,A,1.938,2.1710668
26,1,93.82542097,97.67969605,B,A,3.5,3.4923005
22,1,81.49272766,97.78116305,C,B,3.025,3.0429554
23,1,98.98428759,97.99584492,A,B,3.575,3.5082762
26,1,82.34446454,53.65399846,D,C,1.788,2.1394436
18,1,54.75493833,84.79256667,A,C,1.8,2.286146
26,0,88.80461699,68.24624918,C,C,2.675,2.6607256
22,0,95.8073501,94.85648795,A,B,3.425,3.5062723
23,1,67.74984691,84.66689587,C,B,2.7,2.5096397
23,0,85.5712292,60.04822798,D,C,2.4,2.455316
23,1,50.22582376,68.43600402,C,B,1.325,1.71787
18,0,85.18034149,51.15282549,B,B,2.525,2.237915
25,1,51.26632743,79.8731122,E,E,1.938,1.9660039
26,1,95.34901346,98.17701498,A,B,3.575,3.4945514
23,1,98.33741771,89.59902936,B,A,3.575,3.497163
22,0,96.83723222,89.4432284,B,B,3.55,3.4865136
23,0,61.98234545,75.81107277,B,C,1.8,2.2604418
26,1,64.89215294,66.39575317,D,E,2.162,1.9557081
26,0,64.71934057,72.33821972,E,A,2.312,2.1299815
24,1,52.16611735,99.63184583,A,D,2.7,2.3828204
20,1,88.90779133,51.71322438,C,B,2.625,2.5076067
24,0,93.75503039,68.63706912,B,B,3.025,2.8959842
20,0,61.64523776,71.85399086,A,A,2.175,2.2032647
26,0,78.05187781,78.01806413,C,D,2.55,2.4713287
18,1,52.85802382,85.49821302,D,C,2.188,2.1232138
19,0,54.2470598,90.63620174,D,C,2.65,2.3914201
22,1,60.88901694,68.86946143,B,D,2.162,2.0930781
21,0,56.08042297,80.34230836,E,A,1.962,2.1679068
23,0,61.04036381,62.22945699,E,B,2.1,1.978472
21,1,51.48275829,51.17189558,F,B,1.125,1.4024565
20,0,62.89287129,50.83991651,C,E,1.638,1.3183515
18,0,84.13255638,86.59755863,C,C,2.8,2.952571
24,1,66.50505334,56.67049132,D,B,1.962,2.0460906
21,1,78.30694852,57.05663496,B,E,2.25,2.092271
25,0,87.01881769,67.73931576,A,A,2.8,2.6361651
19,0,79.01945264,64.17176162,D,A,2.525,2.4425902
18,1,66.18481133,69.09190429,C,A,1.95,2.1942708
23,1,83.3840549,84.52902964,C,B,3.05,2.9605038
22,0,79.43389031,93.74871676,A,C,3.075,2.971938
19,0,96.92785361,75.29083862,B,A,3.025,3.0155587
24,0,73.93665392,84.01777828,D,B,2.825,2.432862
25,0,64.2333155,56.09064258,D,A,2.212,1.836951
20,0,79.89682652,92.28488078,C,B,3.125,2.9874752
24,1,75.66267331,65.43654071,C,D,2.525,2.3588927
21,1,57.23316816,56.05033068,D,D,1.325,1.2578945
22,1,71.22776369,91.68154623,C,B,3.075,2.8931797
22,0,75.26635615,62.13891475,E,E,1.662,2.070855
19,0,57.75232136,81.39398222,E,E,1.875,1.9588405
20,1,60.00694818,98.21441571,B,A,2.475,2.6370952
19,1,87.90898309,55.72874677,C,A,2.625,2.5112653
21,1,65.399717,58.81087861,C,C,1.812,2.0961752
24,1,62.2954467,96.70026992,A,C,2.525,2.7267895
26,0,69.37543373,65.91605123,B,C,1.888,2.1310825
18,0,57.12934771,52.36114479,C,C,1.238,1.2740629
25,1,57.73224303,85.83044219,D,B,2.65,2.410759
20,1,83.2430057,53.60212033,B,B,1.938,2.149028
26,1,74.63724994,81.68012414,A,D,2.55,2.4571004
26,1,59.59735638,51.00446331,F,E,1.3,1.3013636
26,1,67.09466722,90.3164206,A,C,3.0,2.6481304
25,1,81.07192144,78.37900856,B,D,2.55,2.514479
24,0,97.1784754,51.9474637,A,C,2.375,2.5652997
26,0,85.5639544,84.0881937,A,B,3.1,3.0265272
24,0,79.8293199,74.27758701,A,D,2.45,2.46152
22,1,50.25783785,69.42797789,C,D,1.175,1.9868743
24,0,71.87062507,91.24437664,C,C,3.125,2.8914695
23,0,66.77174333,59.31298733,B,E,2.112,2.0199485
25,0,86.92890815,53.16953953,A,D,2.35,2.188084
23,0,67.21929266,84.08228537,B,D,2.1,2.4639113
19,0,96.34936196,67.64844894,C,B,2.9,2.9179587
22,1,58.13248383,95.10484465,A,C,2.15,2.5045624
21,1,93.39143723,64.01602787,A,B,2.525,2.62297
25,1,86.9135905,86.96155759,C,C,2.925,2.9637403
23,1,78.34592712,88.63072223,A,B,3.225,3.0108123
24,1,70.97054817,83.20649906,A,D,2.475,2.5036366
24,1,88.08773106,92.15236715,A,A,3.375,3.3904183
18,1,89.15790979,69.02560337,B,B,2.65,2.7806234
18,1,60.43500259,86.16422292,B,C,2.8,2.5019197
26,1,95.97800727,61.44353435,B,C,2.625,2.5835075
22,1,52.57774573,59.83648031,B,B,1.412,1.3914429
20,1,58.57311179,67.66948866,D,E,1.812,1.9655212
20,1,67.63892863,61.58093641,D,B,1.962,2.2003183
22,0,93.2959584,94.20783284,A,B,3.675,3.49422
18,1,57.97915519,92.39695187,C,A,2.875,2.4411535
24,1,82.15212881,71.38354294,A,D,2.6,2.4691675
18,0,52.42054686,66.10152314,F,E,1.012,1.2160723
23,0,83.97785863,55.75654148,D,A,1.938,2.3250732
22,0,76.40191962,56.73350808,E,E,1.988,2.0188313
18,0,97.90613274,81.29426815,C,C,2.825,2.9596024
25,1,86.20020456,91.09599023,B,C,3.075,2.9343302
25,1,58.47746035,73.31949479,B,C,1.812,2.1835058
25,0,70.32902771,54.46300216,C,B,2.075,2.1129482
25,1,66.06139601,79.27902905,A,B,2.9,2.5360117
25,0,92.30370235,65.07334555,D,B,2.175,2.4861937
19,0,83.58196682,78.24157012,B,A,2.8,2.8688605
20,0,53.61176124,93.32797191,C,D,2.475,2.3981373
21,1,50.0100696,67.1220748,D,E,1.2,1.7275589
23,0,92.49888604,66.48832737,A,A,2.675,2.7206466
25,0,75.12213119,91.70162712,B,C,3.075,2.9468887
23,0,52.48491121,59.96629663,D,F,1.225,1.2391757
21,0,90.74379613,54.46411247,B,B,2.8,2.5014396
18,1,68.78104648,61.70314478,D,B,1.8,2.1635566
21,1,93.82630442,55.27951519,A,D,2.3,2.462137
19,0,51.06326586,68.34385381,F,C,1.05,1.5689378
22,1,65.76745971,95.1091513,B,C,2.925,2.906734
25,0,89.22176139,62.41217479,A,D,2.65,2.4627178
20,0,88.6132946,58.71944796,C,A,2.775,2.5133288
22,1,78.06775804,61.25161901,C,A,2.3,2.3352199
25,1,53.07505213,52.41733178,F,E,1.088,1.2784353
25,0,62.57926237,66.04993034,E,A,2.188,2.049174
18,0,51.16745624,99.40924247,C,C,2.375,2.4392326
25,0,60.92755963,56.38070484,B,D,1.2,1.3569696
25,0,56.81806083,57.54264579,E,C,1.288,1.249163
25,1,94.15173714,83.87235568,C,B,3.175,3.024765
26,0,99.73006604,50.25664419,C,D,2.525,2.489234
22,1,71.34255976,87.91890941,D,D,2.65,2.437075
20,0,77.11907849,52.8334502,D,C,2.238,2.0409906
24,1,73.53798644,51.72342063,C,A,1.9,2.1569123
23,0,55.02862162,57.40979026,E,E,1.35,1.2254746
25,0,72.23593262,96.94441152,B,A,3.175,3.0233855
21,0,57.142753,87.76952906,C,A,2.425,2.4666684
18,0,68.96220044,73.76140608,B,C,2.425,2.4274797
23,1,80.87280356,91.0393356,C,A,2.825,3.0042896
19,1,52.39433903,57.77682625,C,D,1.188,1.305048
22,1,65.43994049,54.12599687,C,C,1.55,1.5846165
19,0,54.05122682,69.90313304,A,E,1.962,2.1642082
24,1,52.50490818,76.64130279,E,D,1.9,2.0614834
19,0,80.67978112,58.20231154,D,B,2.2,2.2141953
18,1,59.14576343,82.55411999,A,B,2.575,2.3983014
19,1,92.56081845,88.63454047,B,A,3.65,3.3469021
24,0,64.79830816,66.94359949,B,D,2.05,2.113015
26,0,83.17678688,82.76680631,B,A,3.125,2.9951358
21,0,92.5066168,53.86684725,C,D,2.725,2.4412782
26,1,87.16655989,69.88769039,B,C,2.35,2.731384
24,1,80.46953253,91.88034266,A,A,3.125,3.0604696
24,0,76.52176678,93.42203884,B,B,3.175,3.046043
26,0,87.24725003,54.47031347,A,D,2.275,2.3171782
22,0,75.31583983,94.54479841,B,C,2.95,2.964312
19,1,83.58687157,78.45081256,C,B,3.0,2.8268583
20,1,52.91571243,59.97448028,F,F,0.85,1.1721755
20,1,72.42383581,50.38019314,C,C,1.575,2.1128776
22,1,62.2187061,51.08792256,E,B,1.212,1.4221284
22,1,65.44302217,71.41397431,A,B,2.2,2.2507539
25,0,72.97568163,68.03012083,A,C,2.6,2.4477518
22,1,65.88305499,72.01576611,C,C,2.575,2.3051376
18,1,96.9058269,88.13327183,B,A,3.625,3.4369905
26,0,81.25018755,77.21268015,C,D,2.575,2.4941428
20,1,87.9323005,77.51698178,C,C,3.05,2.9475503
26,1,92.87803342,78.8519891,B,C,3.025,2.948285
25,0,67.70795868,86.35798083,B,B,2.325,2.5838714
24,1,75.30056543,90.9294458,C,B,2.95,2.8904989
25,0,86.10301387,54.36090003,B,B,2.45,2.341929
24,1,99.70792582,90.0191763,A,B,3.475,3.5060275
20,0,75.87077945,50.2821027,E,B,2.038,1.9358066
18,1,61.05687125,62.95464486,D,C,2.075,1.977923
23,1,75.79190082,96.31051821,A,B,3.075,3.0616138
26,0,74.30254227,95.3587787,B,A,3.0,3.0331662
26,1,95.15495787,61.2938487,D,A,2.45,2.4801865
21,0,80.29713737,96.47531048,B,B,3.175,3.0932202
23,1,72.41989765,69.17274962,A,C,2.65,2.4356108
21,0,65.13365147,91.35324866,D,B,2.725,2.4938838
23,1,56.99048257,91.02718654,C,D,2.5,2.4092185
24,1,87.65390068,88.0337858,B,C,3.075,3.0179963
25,1,62.69776488,59.55608057,B,A,2.412,2.2411983
24,0,99.18142923,50.24376286,B,D,2.45,2.5534227
19,0,71.75037945,76.1195276,D,B,2.225,2.4586244
20,1,61.62126168,85.12378484,B,A,2.325,2.508501
20,1,51.91092802,83.76858754,D,C,2.225,1.9917437
22,1,81.24681598,64.74484841,A,C,2.35,2.5067425
26,1,55.76770805,98.73046564,A,A,2.625,2.5876095
24,0,89.50747707,57.58127073,A,C,2.425,2.4117484
21,1,91.90816126,60.45762511,D,A,2.475,2.487024
23,0,94.18118344,61.33392239,C,A,2.3,2.5624378
25,0,60.3211593,97.58529262,D,B,2.4,2.528512
21,0,55.80352508,72.31977207,C,C,2.212,2.103722
21,0,89.52314261,94.46688628,B,B,3.375,3.462716
23,0,88.9879451,80.39915974,B,B,2.975,3.002845
26,0,51.1183099,51.52193267,B,B,1.438,1.3724099
22,0,98.23544477,73.85521728,B,B,3.075,2.986774
19,1,83.03043324,54.71283449,B,E,1.875,2.2134335
18,0,64.80640055,68.48688325,C,E,2.238,2.0443826
21,0,94.44455176,77.71714446,B,C,2.925,2.9709504
20,0,65.11663022,72.67759943,D,E,1.85,2.0358484
24,1,65.891564,76.74856994,B,C,2.35,2.5055103
20,1,75.05177081,99.39452776,A,A,2.95,3.1012356
18,0,87.73382781,54.35280147,A,A,2.85,2.3459454
25,1,82.28189981,57.28200581,D,C,2.362,2.366233
23,1,93.22201075,55.97401434,D,A,2.75,2.4607973
25,1,75.87273645,56.59719826,E,A,2.013,2.0163074
25,1,80.03617838,89.79014574,C,B,3.0,2.9585311
19,0,59.79890857,87.76520704,A,A,2.675,2.614658
22,0,50.97602817,61.40475564,C,D,1.725,1.3086112
20,1,75.9930839,99.10334012,A,B,3.075,3.090845
23,1,82.35749918,92.22095617,B,C,3.025,2.9434688
18,1,97.90504975,68.91797776,C,A,2.875,2.935035
20,0,61.41603037,87.49182349,D,D,2.375,2.3913581
22,1,73.34306089,56.27796339,C,E,1.85,2.0914195
22,1,78.21322454,98.40742511,B,C,3.15,2.9485025
20,1,76.77736363,94.68312721,A,A,3.05,3.0497248
21,0,99.16787322,86.14832444,B,B,3.475,3.4939785
22,1,91.38038842,81.1507701,A,B,3.2,3.033092
20,0,53.00417199,80.09847541,D,C,2.05,2.035548
20,1,61.50700098,67.1916199,D,E,2.125,1.9929136
18,1,79.51334083,86.55424583,C,C,3.25,2.933911
20,1,75.7372683,99.53311124,C,A,2.9,3.0427206
21,0,88.34963148,79.4692947,C,B,3.025,2.9831877
22,0,80.51392307,53.95980724,E,D,1.612,2.0721862
18,0,70.56113044,70.70700024,D,A,2.425,2.4360301
25,0,60.31427789,93.56751378,D,C,2.125,2.4496796
18,0,71.91787849,93.12529773,C,B,3.025,2.9691188
23,0,71.13339322,60.82107743,B,D,2.225,2.0710607
23,0,86.22885043,91.47508033,A,C,3.025,2.9391816
25,1,87.36189558,95.99202078,B,B,3.55,3.4866629
23,1,65.82187544,86.82322103,A,B,2.3,2.5626528
26,1,63.05336548,75.38540845,C,A,2.375,2.2139864
24,1,67.43123524,72.41996768,A,C,2.162,2.3148124
22,1,70.74631531,98.34198104,A,A,3.025,3.0295951
19,1,53.12129329,84.24511494,E,B,2.138,2.049293
22,1,72.16899009,74.16996812,A,A,2.9,2.5713472
26,0,69.16582234,82.08563116,B,B,2.625,2.5524995
22,0,64.89153137,87.99694,A,C,2.75,2.5322688
24,0,85.70037992,63.04816275,A,A,2.55,2.5533824
21,1,54.50504164,81.09549803,B,A,1.638,2.1171196
23,0,67.23658715,93.59341746,B,B,2.975,2.840702
23,0,99.19536837,98.49610361,B,B,3.5,3.4936013
23,0,56.82619044,73.75617916,C,A,2.412,2.131332
20,0,56.69808563,65.18997354,D,A,2.05,1.9999938
24,0,80.82084452,65.30439958,A,C,2.725,2.5344365
18,1,68.44828995,79.78300583,D,D,2.55,2.454546
18,1,64.33084638,59.08355557,A,B,2.438,2.2204869
26,1,64.71441737,94.54621864,D,D,2.525,2.462782
21,0,91.26971896,94.92732811,A,B,3.5,3.5045164
18,0,87.48096103,99.18893782,B,A,3.575,3.4963152
24,0,83.58311825,86.37887718,C,A,3.175,2.9782588
24,1,64.32762275,75.53961643,D,B,2.188,2.24398
22,0,99.40993178,97.40084068,B,A,3.5,3.5044186
23,1,67.75109983,65.15597867,C,D,2.05,2.0594096
25,0,92.21988479,89.80177848,B,A,3.5,3.3866205
24,0,62.93926526,97.30009243,B,B,3.1,2.9356422
26,1,54.18140729,91.09939629,B,D,2.55,2.472408
18,1,93.56703627,98.74365428,A,B,3.6,3.5220675
24,1,51.10285612,83.05114358,A,E,1.825,2.077869
25,1,87.30024606,84.78034444,C,A,2.95,3.0455666
19,1,93.22814871,61.71087829,D,D,2.25,2.422939
19,1,55.03226385,66.51308966,D,B,2.175,1.9000875
20,0,98.49709801,74.67164008,A,B,3.05,2.9947746
20,0,91.33058887,96.26844709,A,A,3.575,3.5187669
18,1,53.31963706,80.38616731,B,A,1.888,2.1292448
22,1,89.75067901,74.62259851,B,B,3.05,2.9525301
24,1,53.98761156,81.09775486,B,B,1.925,2.1908174
18,0,56.76925078,60.92362363,F,F,1.1,1.2073269
23,1,69.12903481,66.00949689,A,C,1.825,2.1837401
22,0,78.87255455,77.18868767,B,B,2.4,2.5586033
21,1,67.21640543,89.21624262,C,C,2.325,2.6146176
18,0,86.49053227,60.12704822,B,B,2.525,2.4907365
18,1,50.73410309,55.17306935,E,D,1.138,1.367639
24,0,80.63217324,61.03224655,C,C,2.225,2.4069874
20,0,87.90123567,71.91713648,A,D,2.825,2.6224244
23,0,94.60319818,96.44715106,B,B,3.575,3.4890213
18,1,74.42910073,89.61050664,C,C,2.85,2.9315197
19,0,70.89835611,94.55934544,C,A,2.9,2.9471757
24,1,80.56800114,59.35594395,D,B,2.013,2.2673597
25,0,65.11556156,67.81181379,C,E,2.312,2.086182
22,0,57.48609303,60.86480118,B,C,1.375,1.4026446
22,1,76.34956902,52.22033416,A,A,2.15,2.1628826
18,1,71.19723661,54.62497496,C,C,2.05,2.0692425
19,0,69.71618973,55.7425066,B,B,2.312,2.1648104
23,0,75.69524077,55.74455509,E,B,2.05,2.0176282
22,0,76.26974204,62.05371075,B,D,2.025,2.3034954
19,0,51.64412672,55.59641742,C,D,1.488,1.2640015
18,1,53.45056216,56.67794455,F,C,1.762,1.2632772
18,0,92.04077148,87.66748383,C,C,3.1,2.9693696
20,0,84.1181433,92.4446654,B,B,2.925,3.115111
23,0,73.09102681,67.09704789,C,B,2.725,2.3792684
20,0,75.12174637,80.12717636,C,D,2.6,2.3938787
26,0,99.1998469,86.63626309,A,A,3.575,3.4896576
25,1,89.18580664,77.9689964,A,B,2.9,2.9921248
19,1,62.10564437,80.57222478,C,B,2.5,2.4204965
18,0,63.10550274,51.1920923,C,C,1.35,1.3244911
25,0,64.45999079,90.4056865,C,D,2.55,2.440414
25,0,88.72335558,63.33111416,B,C,2.475,2.522188
21,0,55.00757636,67.25885956,E,A,1.9,2.062537
20,1,50.10387562,68.09403551,F,C,1.138,1.5897744
25,1,51.31093528,62.13579123,D,C,1.2,1.2862449
25,0,82.19431948,86.32030973,C,A,2.975,2.9785905
20,0,91.26565182,59.40064572,B,D,2.475,2.4035006
18,1,93.48190289,84.2042116,C,A,3.05,3.0083396
23,1,56.60177246,87.46283359,B,C,2.4,2.517759
23,0,65.14200533,73.99874972,C,B,2.488,2.338976
18,1,95.09433674,50.3501152,A,D,2.775,2.366548
21,1,62.31178707,88.84279355,D,A,2.625,2.4709547
22,0,73.28743467,75.41136613,B,C,2.525,2.5114753
24,0,54.9776379,79.6898699,D,A,2.375,2.1034687
23,0,76.76543746,69.61382567,B,C,2.05,2.459853
26,1,91.91145887,63.83028097,C,B,2.45,2.5904825
26,0,65.45301515,54.47090201,D,F,1.475,1.2250208
19,0,92.59233175,52.01107363,D,D,2.475,2.4173574
18,0,54.6391329,76.32447815,A,D,2.175,2.13032
26,1,77.72670904,99.54950572,C,B,3.15,2.9295194
25,1,91.33275383,58.76501436,C,B,2.7,2.4827702
25,0,89.37863511,76.40770634,B,C,3.125,2.9553697
20,1,62.79435699,62.87550762,B,B,1.875,2.182002
22,1,86.09103975,86.49161507,C,C,2.875,2.9698079
19,1,99.81489434,70.74672771,A,A,3.025,3.064757
21,1,71.77485993,82.85020033,D,D,2.325,2.4048464
18,1,92.49574579,92.27794505,A,A,3.55,3.5025275
22,0,52.51790746,68.74423838,E,C,2.3,1.9886752
19,1,51.05572193,63.69886422,F,B,1.488,1.2923853
23,1,58.79408474,57.02969053,B,C,1.525,1.427494
22,0,81.57889249,77.78555869,A,B,2.325,2.6524642
24,0,95.47608195,99.1363493,A,A,3.625,3.5250897
19,0,60.99214762,97.37833357,A,C,2.625,2.725635
21,0,95.48755425,80.20341809,C,C,3.025,2.958671
26,0,85.90985309,84.18123768,A,C,3.025,2.9722183
18,0,98.69507629,91.17437118,A,B,3.575,3.5170732
19,1,80.86735418,50.46047997,D,E,1.938,1.9497558
21,1,54.9782634,71.18783264,C,D,2.088,2.080651
19,1,82.13912632,77.78674386,C,C,2.475,2.5823505
23,1,77.63433917,72.99401627,A,B,2.625,2.5713801
23,1,57.57519257,88.53508232,D,B,2.55,2.4262156
22,0,72.585422,64.11994824,A,E,2.088,2.1312578
25,0,89.17754007,56.52359991,A,A,2.9,2.5281684
20,0,74.49694187,81.66553128,C,D,2.45,2.4309294
22,1,70.25268181,96.58450168,B,C,2.9,2.946393
22,0,56.64782956,72.30404402,A,B,2.238,2.1878378
23,1,66.03082672,63.85771248,E,B,1.975,2.0374253
21,1,69.57227197,73.54571525,D,D,2.725,2.3848495
18,1,91.44827969,71.5557412,B,A,3.075,2.9768293
22,1,97.81973093,76.21771357,B,B,2.875,3.017642
18,1,87.81889773,74.84925453,C,A,2.85,2.8852453
23,0,55.99807064,73.56997286,C,D,2.0,2.1221719
23,1,69.16188133,89.87324812,B,D,2.35,2.582471
23,1,95.18712793,89.91056125,A,A,3.55,3.5042498
20,1,85.79786023,53.05279644,E,A,2.325,2.2601511
24,0,90.60321899,96.92886566,A,A,3.65,3.509609
24,1,75.91268504,87.69659728,C,B,3.075,2.9355288
21,0,69.42262674,61.87484806,D,E,1.825,1.9917183
23,0,71.91459825,68.88380955,C,B,2.725,2.3078084
20,0,57.3891236,96.22083232,D,B,2.55,2.4042594
26,1,92.95189656,70.85855486,B,B,3.0,3.0315125
25,1,58.29631844,84.49855727,C,C,2.325,2.360923
22,0,56.55393586,83.14933676,D,A,1.862,2.242427
20,0,86.51383803,52.70652638,D,E,1.925,2.013136
18,1,90.95786395,69.71630094,C,C,2.85,2.9414313
21,0,90.57592716,71.209636,C,A,3.325,2.9075284
25,0,91.4672359,98.26201872,B,A,3.45,3.505225
19,0,68.34293961,97.38794854,C,A,3.0,2.9766533
24,1,82.37244649,50.03799362,E,E,2.05,1.944506
18,1,66.65210115,98.80476806,B,C,2.975,2.9810488
21,1,94.96031393,63.90126124,A,A,2.5,2.8091147
19,1,58.89578273,62.83034797,B,A,2.2,2.0098708
18,1,56.74168609,87.98153108,A,D,2.525,2.4752903
18,0,71.043865,73.7844305,B,A,2.575,2.4987738
19,0,67.82378147,69.02488194,C,E,1.925,2.0612516
25,0,72.52255948,84.21144519,A,D,2.9,2.5070844
21,1,88.17688347,55.48481494,B,D,2.4,2.4492974
20,0,50.38590918,93.76862771,B,A,2.5,2.5505643
23,0,57.56150101,55.26342387,E,F,1.412,1.2495781
22,0,99.95270022,83.77741858,B,A,3.525,3.4892778
21,1,94.67923164,83.03572234,B,B,2.875,3.0873263
24,0,52.02521245,85.36391507,B,D,2.075,2.2886903
26,0,95.78852938,50.1582497,D,A,2.725,2.339844
23,0,55.74801764,59.98416861,E,E,1.35,1.2325978
18,0,95.22839501,93.82391998,B,A,3.55,3.4909935
20,0,93.6832077,54.96831943,D,A,2.175,2.489975
25,1,82.35240327,71.75269111,B,B,2.525,2.5887568
26,0,66.05711124,63.48769618,B,A,2.262,2.265104
26,0,59.34118278,51.41441569,C,F,1.462,1.2269897
26,0,62.91436649,61.17537036,E,C,2.0,1.9574766
19,1,97.83847673,83.706318,B,A,3.525,3.3651762
26,1,85.2327887,60.10093046,A,C,2.875,2.5210326
21,1,83.62739544,59.49183524,C,A,2.6,2.4128475
18,0,83.96908403,88.8216368,A,C,3.275,2.9834752
18,0,93.84712819,93.14793234,B,B,3.5,3.4813745
18,1,90.29579655,65.51217889,D,C,2.35,2.5105395
24,1,80.01241457,58.61597336,E,B,1.925,2.0607874
24,0,98.1568105,90.44611727,A,B,3.525,3.4968798
18,1,89.27815901,95.02565093,B,B,3.5,3.4757655
25,1,70.12420473,98.69623812,B,C,3.075,2.9717038
21,1,63.77606461,92.09211745,C,A,2.65,2.5294013
20,0,94.91270582,66.38540559,B,C,3.05,2.8938937
18,0,69.04527953,93.00172938,B,C,3.075,2.8857934
24,1,95.57337237,87.01700708,A,A,3.7,3.4776661
22,0,68.08149584,78.41879795,D,A,2.475,2.4435916
21,0,67.21676756,60.07015723,E,E,2.013,1.9729048
23,0,67.94395339,85.63998251,C,D,2.3,2.447086
20,0,71.81149487,97.19633349,C,A,3.15,2.9597647
25,1,64.64257149,51.61207709,C,C,1.5,1.3340756
23,1,83.85008039,81.06229692,C,B,3.05,2.9043355
21,0,93.98515391,97.59336027,B,A,3.5,3.5025814
26,0,95.80071781,51.93632932,C,B,2.225,2.5246322
24,0,99.38843796,89.26122766,B,B,3.575,3.4853084
21,0,55.43634759,76.86843579,D,A,2.025,2.1736987
26,0,97.2992154,57.2306649,D,B,2.75,2.4599516
26,1,73.11580309,82.79987877,C,B,2.575,2.4855638
18,1,64.26727291,84.31920934,B,A,2.625,2.519887
22,0,82.82398066,81.83431704,C,B,3.05,2.9543111
21,0,86.47461552,84.70903458,B,A,3.05,3.0254633
22,0,96.20575281,71.28902883,C,A,3.125,2.9955125
23,1,57.5155159,93.71221649,B,A,2.55,2.5772798
25,1,78.27182212,52.57104762,E,C,1.888,2.0653107
21,0,93.41674059,56.25519888,A,D,2.35,2.4836922
26,1,73.25409331,95.34044924,C,C,3.05,2.9585342
21,1,61.66953258,60.47468029,D,B,2.225,1.9839675
20,1,53.00008971,99.50879697,D,D,2.3,2.4515388
25,1,60.03585083,53.01837854,D,C,1.388,1.279596
25,1,89.10161105,62.02442842,B,C,2.55,2.4952338
19,1,66.14373932,52.5755733,F,C,1.35,1.4659578
26,1,68.75530781,69.60536166,E,A,1.838,2.1636434
26,0,98.65566818,86.68823932,A,A,3.55,3.5071592
26,0,52.86653043,55.11284646,C,B,1.538,1.4012626
22,1,57.88848795,89.910088,C,C,2.575,2.476343
22,1,57.88436227,97.72502691,D,D,2.675,2.4655738
18,0,51.33047821,63.97765469,D,C,1.238,1.4252611
20,0,63.31118181,89.62782445,A,B,2.8,2.5781832
25,1,66.25524457,70.52202823,B,E,2.325,2.1533606
21,1,72.09957929,55.98933857,A,C,2.55,2.2474086
23,0,86.32004697,94.03171156,A,A,3.7,3.388123
18,1,63.7788474,67.16701448,C,C,2.338,2.1260128
24,0,95.68265662,89.98420523,A,A,3.625,3.5068429
24,0,72.07308914,90.94211301,B,C,3.025,2.9215894
22,1,82.30747133,70.63739529,B,B,2.675,2.583415
18,0,97.10913477,63.70906881,A,A,3.05,2.9237452
21,1,90.49598064,51.24892183,A,A,2.725,2.5840454
26,0,67.85161237,81.08411732,C,A,2.65,2.4975739
20,1,75.75883375,50.30707475,B,E,1.95,2.0460908
21,0,85.14491467,86.8090813,C,A,2.925,3.0269706
22,1,61.89025131,77.35758379,C,A,2.062,2.3305945
19,0,91.93271702,56.09215076,B,A,2.5,2.553577
25,1,61.73246097,87.79003657,D,B,2.45,2.41836
22,1,83.20908952,54.55994655,E,C,2.15,2.210455
22,1,98.52159174,90.91515162,B,B,3.5,3.4789853
25,0,99.253943,82.02927316,A,A,3.5,3.3894794
21,0,54.882888,99.01972156,B,B,2.6,2.5338292
21,1,60.96806551,54.79581755,E,B,1.375,1.4203659
23,0,55.0340675,87.93901275,A,C,2.6,2.4458508
18,1,69.65368829,53.65510217,D,C,2.362,2.0858834
26,0,90.35133744,64.25130388,C,A,2.425,2.5853038
21,0,59.64222169,88.18682753,D,A,2.25,2.4534137
25,1,55.72544509,91.31372707,A,C,2.05,2.5461054
23,1,82.42027697,59.77834297,A,D,2.5,2.4818358
18,0,82.87045322,70.55976969,B,A,2.7,2.501765
23,1,62.66409725,60.63126563,A,D,2.375,2.0091665
26,0,98.76807571,63.7509553,C,A,3.1,2.9977877
19,0,97.34073094,81.23681463,B,C,2.95,2.9751616
20,0,85.37765612,52.63722995,C,A,1.975,2.1719398
22,0,82.74323517,57.35802197,C,C,2.45,2.371021
18,0,66.72856317,70.77809588,D,C,2.238,2.2122524
22,0,68.3451192,84.42907268,C,B,2.65,2.508002
20,1,97.29657978,73.08107664,A,A,3.175,3.02127
23,0,88.45306946,68.08821585,A,D,2.525,2.5062642
23,0,63.78087488,86.34455298,A,D,2.4,2.3999274
26,0,92.85873006,86.82623799,A,A,3.0,3.335786
23,1,86.17197454,91.2973825,B,B,2.85,3.2342973
26,1,99.13641274,83.61199569,B,B,3.525,3.349757
26,0,89.42373122,65.08602198,B,D,2.35,2.4712102
26,1,83.89049657,84.64731186,C,B,3.125,2.9425418
22,1,50.7609198,67.43621498,F,C,1.412,1.4927437
18,0,75.95282088,70.92136924,D,A,2.35,2.4586885
19,1,60.2764248,66.06936799,E,B,1.775,2.0843961
21,1,69.61785512,92.01326093,B,A,3.225,2.8489583
20,0,79.49841043,92.54644432,A,C,3.175,2.9903917
23,1,53.92346149,90.61145245,A,B,2.7,2.569415
18,0,71.35789026,78.21331314,A,A,2.625,2.5752792
18,1,55.49053724,62.00847373,B,C,1.338,1.4277626
26,0,90.92335512,96.46067476,B,B,3.375,3.4831476
26,0,95.51256191,72.60073137,B,C,2.95,2.9728012
18,1,77.84864749,93.72998399,B,C,2.95,2.9702373
22,1,54.76399153,70.1718649,D,E,2.262,1.91202
26,1,64.84922591,66.89547111,E,C,1.95,2.0908062
26,0,74.75676742,71.23914916,D,C,2.25,2.430278
18,0,96.71833231,75.01793546,C,B,2.65,2.9664998
23,0,70.55277626,67.47982397,E,D,2.062,2.1205978
25,0,52.3159074,78.35468123,A,A,1.888,2.221727
18,1,85.2213649,98.91466378,A,B,3.625,3.4876943
23,1,62.57466296,98.78017791,A,C,2.825,2.9417155
26,0,53.18140545,50.11490402,B,D,1.012,1.2832637
19,0,82.13354878,53.09454251,C,B,2.025,2.0323787
19,1,58.28014804,82.33491376,C,A,2.625,2.3070977
22,0,61.24142035,64.16877486,D,D,2.138,2.0342507
21,1,57.82214996,84.3162453,D,A,2.2,2.2914991
24,0,57.47787105,80.94183286,B,D,2.475,2.2402267
21,0,50.27931164,81.91186927,D,A,2.275,1.9855086
21,0,98.58078876,81.31308123,B,B,3.0,3.0840244
22,1,51.57924704,67.92250284,E,F,1.475,1.3270649
23,1,76.59814097,99.59676574,A,C,3.025,2.9465384
24,1,63.4355117,77.29977415,B,C,2.525,2.37191
21,1,54.80900712,80.87897102,E,A,2.612,2.190794
21,1,89.31065198,96.23486857,A,B,3.575,3.4938765
24,1,68.92440674,93.9486587,A,A,2.8,2.9422083
25,0,81.39266392,85.93496916,C,B,2.95,2.9570515
21,1,51.69471152,92.44792162,D,D,2.375,2.3942473
25,0,78.14706062,95.10596462,A,C,3.025,2.9720852
19,1,74.09973635,96.15910513,C,A,2.975,2.9772303
21,1,87.87385643,63.80534429,D,A,2.575,2.5471854
19,0,52.81541569,51.32741093,F,D,0.925,1.2724236
20,0,98.80740539,92.95684084,B,B,3.45,3.4811647
21,0,63.7056922,63.48703203,D,B,2.188,2.1111298
23,0,54.79738562,96.02703471,C,C,2.4,2.4702466
18,1,94.79342096,78.40148248,B,A,3.125,2.9785175
23,0,66.74152795,77.81858156,C,A,2.975,2.4407787
18,0,57.95466142,58.40909733,D,B,1.338,1.3453736
18,0,83.08833776,96.69820668,B,A,3.0,3.3730922
24,0,98.213016,98.09659678,B,A,3.65,3.4996264
21,1,76.76588143,66.47735241,D,A,2.575,2.4011753
19,0,65.70130459,78.24286616,D,A,2.35,2.430299
23,0,55.95189012,55.52247578,D,B,1.325,1.3113402
23,1,68.40889768,75.39575007,B,D,2.425,2.4256613
26,0,72.86842695,65.38500154,B,B,2.212,2.2318034
23,1,72.56601092,71.16152844,B,D,2.275,2.4417973
26,1,63.78812929,66.82771369,B,E,2.0,2.2112954
23,1,67.01851304,59.17738675,B,E,2.212,2.0201974
21,1,69.52156887,70.56366683,A,C,2.4,2.4507933
18,0,72.28074423,95.12184751,C,A,3.075,2.9537344
23,1,66.54494493,65.29204647,A,A,2.138,2.257999
23,1,87.45852709,60.02027034,C,B,2.4,2.493839
18,0,68.90729933,78.45435289,B,D,2.5,2.4028125
24,0,61.45670489,55.80323671,B,B,1.3,1.4479184
24,0,75.28414956,63.87567309,A,E,1.812,2.1294308
19,1,53.13662188,63.51125286,B,B,1.55,1.4588559
18,1,76.15702863,77.77925942,B,D,2.55,2.4730694
19,1,53.66710835,53.08930098,B,C,1.188,1.3769689
24,1,62.69533298,77.39027105,D,C,2.475,2.2734828
21,1,91.31737205,62.04268369,D,C,2.2,2.4585152
23,0,54.95762355,59.63555827,E,F,1.162,1.2500297
23,0,61.51336665,93.19879731,B,D,2.225,2.4403348
25,0,79.01323873,62.3316728,D,D,2.425,2.3285625
20,0,61.44029518,82.54656687,C,C,2.7,2.4617078
25,1,89.58128871,83.56244156,C,C,3.025,2.9469237
19,0,82.47995693,90.92703247,C,B,2.925,2.9515133
24,0,53.15630601,93.84296895,C,C,2.15,2.4033332
25,1,97.77349385,96.99162606,B,A,3.45,3.4998984
20,1,62.83953318,58.34209578,B,A,2.4,2.151391
22,0,85.38672061,66.49042715,C,C,2.5,2.5870771
19,0,70.26407858,77.83505187,D,C,2.15,2.4593077
20,0,97.85595643,93.23662432,A,B,3.525,3.5039034
21,1,93.71511268,75.1698135,C,B,2.675,2.9676692
26,1,69.75205413,79.75867238,B,D,2.6,2.475756
22,0,94.98493348,61.89236442,B,C,2.5,2.5435524
24,0,90.53192653,71.4774581,C,C,2.95,2.866812
21,0,72.83222732,54.63301001,C,E,1.862,2.077494
18,0,77.09037866,54.64060013,B,E,2.25,2.0411677
20,0,86.62244166,52.59620455,B,D,2.362,2.084795
19,1,93.67833987,78.62707676,C,C,3.175,2.951118
19,1,69.01009809,56.28161521,E,C,1.9,2.079032
18,1,65.03205822,61.68474269,B,E,1.9,2.018182
21,1,78.8363124,66.88124175,C,A,2.475,2.5512109
24,1,63.639407,71.13043611,A,D,1.862,2.1321669
26,0,76.08409784,74.75930896,A,B,2.7,2.566037
22,0,94.36997062,53.88675249,C,D,2.275,2.4560678
26,0,99.25774934,96.02454875,A,B,3.575,3.5022337
25,0,61.18343943,61.70707997,C,D,1.975,1.958832
25,0,87.84007518,76.42754884,A,A,3.175,3.015027
22,1,59.41679035,87.74305094,B,B,2.6,2.5534263
18,0,92.55315213,89.32590735,B,A,3.475,3.4071605
22,1,88.8264002,76.63031767,B,C,2.875,2.9668405
21,1,80.89715691,70.33154387,D,B,2.775,2.4810627
18,0,69.08725394,63.94814585,B,C,2.013,2.1349857
24,1,79.40790523,58.36958204,C,B,1.825,2.0949624
25,1,99.8466557,53.4297482,B,D,2.375,2.4249237
20,1,73.99484399,84.9863214,A,C,2.35,2.661285
24,1,66.67568639,59.7091648,E,B,1.788,2.0406039
25,0,51.22777445,66.10602459,E,B,1.375,1.4728969
19,1,89.62576639,74.47767916,B,A,3.175,2.9569077
22,0,68.79065558,80.67536256,A,C,2.65,2.547208
23,0,52.73162602,88.1247114,A,B,2.725,2.485363
26,1,70.58410872,63.6359145,B,B,2.088,2.2751322
20,0,84.63959308,97.40685294,A,A,3.4,3.456616
19,0,73.55533444,95.07899465,C,A,3.0,2.9702477
24,0,60.71190059,67.04682465,A,A,2.275,2.1400573
18,0,61.59716905,98.17159351,D,A,2.575,2.6400764
25,0,75.97091697,63.02817641,D,D,1.925,2.1625762
21,1,55.46535687,88.18890738,D,D,2.6,2.4309223
22,0,62.52723666,89.6131385,B,A,2.8,2.5816379
23,1,74.39275542,66.17451326,D,A,2.425,2.2999268
22,0,71.84433261,97.80738013,A,A,3.15,3.0387518
23,1,55.8803456,96.20513455,A,B,2.5,2.5375075
22,1,66.27954026,80.42982832,C,C,2.625,2.4817107
25,0,68.8584434,80.16113291,C,A,2.625,2.4900885
19,1,69.59722401,76.80917825,D,B,2.55,2.401204
26,0,65.85407819,82.68803901,D,A,2.475,2.4335635
26,1,62.62770796,86.05113951,A,A,2.35,2.5369132
24,1,54.20150836,57.43127219,D,B,1.262,1.3502825
25,0,91.65610347,69.16816663,C,A,3.175,2.9581137
19,1,87.16322175,57.33942335,C,A,2.7,2.4869452
26,0,78.85924602,64.4322609,D,D,2.5,2.340463
23,0,74.30818246,90.65765249,A,A,3.025,3.012967
19,0,66.91621822,99.64578928,C,B,2.975,3.012901
24,0,63.94801334,85.08797459,D,D,2.425,2.3513043
23,1,97.90943884,85.90830048,B,A,3.55,3.507392
19,1,92.09492792,50.93562689,C,C,2.5,2.4638772
20,1,89.03751098,92.48787013,B,B,3.4,3.380244
25,1,85.39916642,81.67354925,C,B,3.1,2.9864395
21,1,65.13824577,50.2374388,F,E,1.5,1.2202215
25,1,96.34232855,82.62610654,C,A,2.975,3.0733833
24,0,98.3257115,65.48881855,C,A,2.95,2.9628289
22,1,52.11714338,72.26112068,C,A,2.35,2.128767
22,0,58.55001734,61.46179138,A,E,2.15,2.1864953
25,0,56.30778449,92.93044597,D,A,2.6,2.4552162
25,1,70.80748239,84.92195332,C,A,2.5,2.5811875
19,0,54.98359707,92.21425839,B,A,2.325,2.5671284
18,0,67.01118193,61.0404028,B,C,2.125,2.1571593
21,1,86.06168895,56.17193365,B,C,2.525,2.4547749
18,1,92.78046395,73.35221779,A,A,3.15,2.9555135
26,0,96.15554525,77.65424855,A,C,3.1,2.9902544
25,0,54.84747469,54.13149325,B,C,1.375,1.4260672
21,1,88.23957064,89.30402909,B,C,3.05,2.9732366
19,1,54.99719972,79.48760401,D,B,2.275,2.0683017
22,0,82.42263231,79.29157763,C,A,3.0,2.840803
26,1,72.59090633,57.79164543,C,B,1.975,2.0968814
20,0,54.52880734,67.00048185,D,E,1.825,1.9404268
22,0,93.56890514,63.68094934,D,D,2.575,2.4635797
21,1,65.65967599,85.71976728,D,B,2.275,2.4408836
22,0,52.20546214,56.80586037,B,B,1.45,1.4410746
21,0,75.59984607,73.43912576,A,D,2.6,2.4791763
24,1,66.41795029,85.40564283,B,A,2.7,2.5690296
18,1,79.72431427,65.40419217,B,D,2.025,2.4777818
21,0,50.44081959,68.17575678,B,B,1.562,1.5071322
22,1,63.6185204,77.05333682,C,A,2.275,2.2608306
18,1,93.64754533,64.04684501,B,A,2.4,2.6152534
20,0,54.33969272,60.56819251,E,B,1.2,1.3228885
20,1,99.34058473,62.18542984,A,C,2.925,2.9982085
24,1,74.47253291,62.76354135,B,D,2.388,2.160391
22,0,79.53936413,86.55056022,C,C,2.975,2.9248416
23,0,66.30404366,85.17423215,B,D,2.675,2.440331
22,1,59.88237242,59.01878087,B,D,1.288,1.6904843
26,1,72.02018603,59.34236335,A,B,2.025,2.272526
25,1,99.55743285,75.12846388,A,A,3.075,3.0732338
25,1,62.51850415,83.47442567,A,C,2.45,2.5124903
19,1,67.31035118,79.61937852,C,C,2.525,2.4536252
26,0,90.65935869,61.69877341,A,D,2.725,2.4363637
21,1,59.69559455,67.63768117,A,B,1.612,2.126754
23,0,98.39542312,52.09000595,A,B,2.65,2.597571
22,0,72.23329813,97.30087327,C,C,2.925,2.9283512
20,1,50.77305984,96.38847835,B,A,2.725,2.5353365
26,1,78.74793875,50.2232514,E,D,2.488,2.0217607
24,1,62.08083486,81.50310632,B,C,2.225,2.4988465
18,1,94.00991942,63.8602399,A,A,2.25,2.7952487
24,0,81.28661725,60.23798625,C,C,2.725,2.3320663
20,1,78.46128145,83.09145281,C,A,3.025,2.818631
25,1,99.50685924,73.06998454,A,C,2.875,2.9975367
18,0,67.5077273,97.86398344,A,B,3.25,3.0178483
20,1,54.93828558,58.91634151,F,D,1.625,1.343344
20,0,54.98308149,82.20074343,A,B,1.988,2.1964839
18,1,50.54246602,65.81305306,B,E,1.288,1.0772015
21,0,61.17644852,93.64202799,B,B,2.325,2.60199
23,1,74.03887095,75.86189682,D,D,2.475,2.4132316
26,0,70.25007216,76.11968656,D,C,2.65,2.4858441
22,1,96.81965288,96.27595816,B,B,3.55,3.495035
26,0,63.50802475,77.9715699,A,D,2.7,2.2901278
22,1,54.87184264,75.43288669,A,B,2.013,2.1925905
26,1,72.93096155,77.34346101,B,D,2.45,2.4664598
26,1,54.19554331,53.15576833,D,F,1.5,1.3064225
24,1,64.76258308,98.04375026,A,A,2.95,2.9814203
26,1,66.48752291,76.90197795,A,A,2.4,2.5093482
26,0,87.34583006,55.62848499,B,D,2.75,2.4420116
22,0,59.68519115,81.53207881,D,A,2.35,2.3621604
23,1,84.33248565,77.11967431,C,B,2.95,2.8444963
18,1,53.48216582,99.67393604,A,C,2.475,2.4888854
24,0,99.62822222,95.7932882,B,B,3.375,3.4855056
22,0,53.3880207,94.62110218,B,C,2.45,2.5279863
22,0,69.524995,78.93007104,A,A,2.6,2.5285416
22,1,80.81799799,85.94595608,A,B,2.95,3.0210087
19,0,55.74001687,71.33423069,E,C,2.025,2.06395
26,1,72.30484533,66.52748571,D,B,2.3,2.1748052
23,0,61.55346053,88.99925889,A,C,2.575,2.5427225
23,1,78.3255255,65.58146495,C,A,2.65,2.531082
22,0,72.24866447,93.14878057,B,B,3.05,3.033443
23,1,98.94572059,98.46013186,A,A,3.5,3.530892
18,1,74.43751776,78.59952588,B,A,2.425,2.4606166
24,0,59.05200425,63.25379666,D,A,2.125,1.974014
21,0,86.27036846,84.26396945,B,A,3.05,3.0192332
24,1,70.42624282,64.73342947,D,D,2.2,2.0958552
25,0,58.6106981,57.77274731,C,D,1.262,1.3428328
24,1,70.44752173,66.19054883,D,D,1.962,2.156317
19,0,56.16454179,92.4724566,B,D,2.675,2.4549143
22,0,91.27633828,77.60900033,A,B,2.975,3.0339375
23,1,79.63637455,70.11856424,A,C,2.65,2.5480983
25,0,66.86057568,74.8098723,D,A,2.675,2.346928
19,1,60.2025947,87.06371812,D,B,2.35,2.4133778
18,1,94.61172515,56.02178492,D,B,2.65,2.4644973
23,1,73.64781847,61.28840762,B,E,2.225,2.0771005
19,1,86.92977354,81.63646016,C,C,2.8,2.942741
18,0,84.13440161,81.32322187,B,A,2.9,2.959213
23,1,91.82125143,54.90615925,B,D,2.35,2.4618793
21,0,56.66755151,93.82561495,A,A,2.525,2.592068
20,1,86.74430973,90.71051518,A,A,2.85,3.20858
26,1,78.6805871,65.90338529,A,A,2.525,2.5414631
18,1,84.58520004,82.34962089,A,C,3.075,2.9530938
22,0,58.91178485,75.49974573,B,B,2.35,2.15359
23,0,67.75940375,66.40368328,C,A,2.138,2.17561
19,1,62.85235178,80.41829313,A,C,2.625,2.4986844
26,0,63.80790101,52.90350169,E,F,1.412,1.2793988
25,1,56.97039072,50.80003319,B,F,1.312,1.3213887
24,1,84.88873332,68.3678685,D,C,2.45,2.4795115
19,0,97.57984894,74.87151987,A,C,3.2,2.9940104
23,0,70.76269539,77.51535687,C,D,2.325,2.4452846
18,1,75.28096672,87.94657964,C,B,3.275,2.8990293
22,0,89.82736503,84.79346785,B,A,2.95,3.0671213
20,1,66.93167294,83.27322842,C,D,2.7,2.4502358
21,0,83.97146265,91.17782831,B,C,2.875,2.9355116
23,0,51.21928096,60.6785994,F,E,1.262,1.2281722
18,1,82.19586459,72.81153306,B,A,2.625,2.4989567
19,1,56.77477812,65.9777897,C,E,1.675,1.8618119
26,0,68.07773643,92.74602713,B,A,2.975,2.7597349
26,1,68.36388763,64.63469751,C,C,2.0,2.122716
25,1,64.66085731,83.29864277,D,D,2.5,2.3512816
21,1,83.15319588,66.00323717,A,D,2.475,2.4596493
26,1,73.60612005,68.45321613,A,D,2.875,2.5243018
21,0,65.72954003,61.83970065,A,A,2.162,2.2615583
20,1,65.86033207,75.49758048,D,D,2.275,2.407365
21,0,96.57470098,92.32092357,A,A,3.55,3.5248365
18,0,94.78238015,92.34362051,B,B,3.55,3.4817226
26,1,74.79579739,84.88026058,C,C,2.55,2.7614572
20,1,98.12793273,70.57867227,A,A,2.875,3.0389936
20,1,65.29367345,93.01290289,C,D,2.25,2.5688012
25,1,84.93320963,58.41101252,D,D,2.275,2.356817
26,1,85.55225226,64.64345683,D,B,2.625,2.518471
21,0,78.59576159,77.17929551,A,A,2.525,2.5870187
19,0,98.74464331,77.34178518,C,C,2.75,2.9166842
23,1,81.11366332,67.0600991,D,B,2.65,2.4715986
18,1,60.79535339,90.00085847,D,B,2.475,2.4528368
22,0,50.69039222,97.61999501,D,D,2.225,2.3855317
18,0,97.18930067,73.77368267,C,B,2.9,2.968599
19,1,89.64835496,66.48997856,C,D,2.475,2.4632819
18,0,97.29904609,72.04454429,C,C,2.925,2.9540303
21,0,90.59977393,59.62899871,B,B,2.4,2.4931962
26,0,54.52632985,93.06760474,A,A,2.475,2.5524292
23,1,75.73274805,97.68991891,B,B,2.975,3.0427868
19,1,72.99960061,87.88017901,B,B,3.075,2.8464549
20,1,72.22927451,81.0282514,A,A,2.275,2.6088035
18,1,67.79011788,78.38685613,A,C,2.425,2.4813523
23,1,82.77657646,88.06967478,C,B,2.8,2.9614646
26,1,57.40391568,51.57728258,E,B,1.338,1.3720162
24,0,72.39870207,66.05606795,D,A,2.312,2.1813328
18,1,54.75211859,88.90916934,D,B,2.65,2.4878235
20,0,58.74568233,95.74872215,A,D,2.475,2.4029276
24,0,95.98896034,67.69620445,A,C,2.825,2.923861
26,0,82.10244709,78.0212677,B,B,2.975,2.6006682
20,0,59.2127119,58.94522335,E,B,1.262,1.5112479
26,0,88.42860921,68.29545012,A,D,2.4,2.5125327
26,1,76.79792012,86.15008607,A,B,2.85,2.9283001
22,1,56.60010112,85.42816371,C,D,2.5,2.4835255
21,0,63.71466489,77.0340496,D,C,2.55,2.231416
19,1,75.82082714,80.98948573,C,C,2.65,2.624586
26,0,71.60098179,77.35077451,B,B,2.8,2.5365143
22,1,55.82971171,83.38630681,E,E,2.375,1.9001037
22,1,62.61241896,89.07923853,A,B,2.55,2.5751345
24,0,85.77146474,56.82301934,A,B,2.425,2.4989884
18,0,53.06798659,87.60934935,B,D,2.65,2.4559114
25,1,91.44274476,53.0149286,C,A,2.55,2.570862
21,1,69.89763661,95.58001479,A,C,2.825,2.970462
21,0,50.12172409,55.27353817,D,D,1.362,1.3801713
21,0,89.62716483,96.40645946,A,B,3.45,3.4991803
18,0,98.94255609,74.16371235,A,A,2.875,2.9920123
21,1,99.56430408,59.41700161,B,A,2.725,2.8201368
24,1,52.05139169,56.44396658,F,B,1.388,1.1965903
26,0,87.99844943,98.70311643,A,B,3.55,3.4864168
25,1,72.90621489,80.71485317,A,B,2.525,2.5903597
20,0,65.69643532,58.48278206,D,E,2.175,1.8842664
25,0,69.17844141,52.94549278,B,E,2.225,2.0419304
18,1,83.84870604,74.35618076,A,A,2.525,2.5579062
21,1,62.74928251,65.00252862,C,D,1.925,2.0279186
24,0,92.31761833,52.85524915,A,A,2.4,2.561922
20,0,63.93627515,88.04252179,B,B,2.475,2.5505388
23,1,57.9328172,63.53264925,C,D,2.312,1.6225702
23,1,83.27091258,95.34426975,B,A,3.05,3.2977023
24,0,97.37460172,56.96358486,B,B,2.725,2.5734415
23,1,51.24053644,90.35641495,A,B,2.425,2.5254354
19,0,94.99745206,76.16826056,C,C,2.825,2.9324756
25,1,94.32563158,51.84041812,A,D,2.325,2.4917228
18,0,68.76968351,62.44123426,E,A,2.212,2.0797827
25,1,54.28457515,76.99229436,E,E,2.3,1.9248087
19,1,88.89787536,89.96723072,A,B,2.75,3.242583
21,1,86.68987537,85.79400028,B,B,2.95,3.0178092
18,1,61.92371705,75.63929532,A,E,1.788,2.103951
19,0,71.2142223,88.43912304,D,A,2.375,2.5477
21,1,77.50598039,70.0891145,A,B,2.55,2.5730484
25,1,61.84623412,89.86299563,B,C,2.775,2.5534825
22,1,90.02315395,76.45567809,B,B,3.275,2.9909608
20,0,90.80137346,78.36740645,C,B,2.9,2.9516332
25,0,58.49836573,84.69634847,B,A,2.7,2.5348375
25,0,72.59119352,63.9465743,C,C,1.638,2.1890485
19,1,56.09936681,63.54393749,F,E,1.2,1.2300138
22,1,56.62974112,69.4061848,A,D,2.462,2.1405592
26,1,83.77789518,69.07266216,B,D,2.925,2.4824164
18,0,73.1669465,66.14786636,B,C,2.275,2.2401247
21,1,95.1101669,72.34551999,B,B,2.925,3.0375385
23,0,54.01030659,68.49639613,C,A,2.525,2.0975444
20,1,55.68604711,89.29539545,C,B,2.325,2.4732459
20,0,87.32007704,59.20371585,B,B,2.375,2.512487
25,1,59.98662107,87.89523137,A,A,2.3,2.5907526
20,0,59.09755721,66.03505361,E,D,1.938,1.9947389
20,1,68.95589867,71.52770197,C,B,2.225,2.3338006
22,0,98.33221965,84.97095213,B,B,3.425,3.4930604
23,0,89.04959963,56.37319707,A,B,2.55,2.5105538
24,1,84.18297413,66.09239176,A,C,2.525,2.5456374
24,0,58.40495694,73.76773126,D,A,2.062,2.1382716
23,0,61.01244536,91.79436839,A,C,2.325,2.5420136
18,0,82.81165633,98.21361764,B,B,3.375,3.3739796
21,0,55.2319967,81.8793022,D,C,2.162,2.1043806
26,1,84.5198362,52.28330994,E,B,2.212,2.2367904
23,0,94.07240912,86.87261091,B,B,3.425,3.38497
24,0,90.12132885,59.37968175,A,A,2.95,2.4977427
25,1,85.61906406,88.62642886,B,A,2.775,3.1131659
24,1,76.31329801,66.41587417,D,A,2.625,2.3795304
21,0,70.39342885,66.92276538,D,E,2.038,2.1331174
25,0,68.35821132,76.53645745,B,D,2.625,2.4322817
26,1,57.69553968,64.06678181,E,E,2.138,1.7627263
21,0,86.24812994,98.50941321,B,B,3.425,3.4796355
24,0,69.75431307,78.40159728,B,D,2.55,2.4448016
24,0,62.87303734,61.26280501,B,C,2.075,2.096
25,1,67.66853014,90.4612189,A,D,2.65,2.4935956
23,0,53.82530755,55.39830667,F,D,1.4,1.232901
19,1,71.09628887,52.22662822,B,D,1.838,2.0708737
21,1,74.05598261,73.00020131,C,B,2.675,2.4771953
18,0,79.76043447,82.91666174,C,C,2.85,2.8722854
25,1,61.62646634,60.4568172,B,A,1.712,2.287362
20,0,89.77419226,76.14262168,A,C,2.925,2.9715953
20,0,78.17928085,78.0953087,B,B,2.7,2.5519726
18,1,68.98325194,71.75374831,A,C,2.475,2.3270288
20,0,72.21189015,52.66024313,A,A,2.212,2.194481
21,0,92.78449852,56.30867018,B,B,2.6,2.5433698
24,1,65.55865274,56.27437508,B,D,2.013,1.8379703
22,0,74.63761732,69.33553119,C,B,2.725,2.4669888
21,1,65.34687544,65.07123059,C,D,2.212,2.0413983
20,0,74.22367156,61.57792954,E,C,1.65,2.079621
19,0,52.80836648,79.90936363,C,C,2.362,2.115774
21,0,65.917052,95.29743198,B,A,3.125,2.9524992
19,0,77.78891515,55.58909363,B,D,1.612,2.129118
23,1,66.73192522,68.17655941,B,A,2.25,2.2251394
26,0,94.80588711,64.50441158,B,C,2.425,2.7638159
22,1,99.11882452,97.90727809,A,A,3.525,3.5359833
19,1,55.79659443,83.81681689,B,C,1.925,2.3101714
24,0,82.82175181,65.31082696,A,C,2.625,2.527984
26,1,56.7418103,78.32798675,B,A,1.775,2.178115
26,0,50.61937129,57.52646914,E,F,1.088,1.2499895
23,0,79.3970384,71.69413563,D,B,2.425,2.4679747
23,1,74.38173701,98.05552066,B,C,3.1,2.9777782
18,1,80.28638348,99.82324872,B,B,3.525,3.1379132
18,1,97.32972827,50.16307499,B,D,2.6,2.456368
26,1,93.55502808,63.16082876,A,C,2.375,2.535748
23,0,56.47124329,73.94864062,B,C,2.175,2.1499963
22,0,98.58043616,76.0543197,A,C,2.85,2.9863076
21,1,75.5342764,97.51731078,A,C,2.875,2.9870675
20,0,85.88948216,81.15569693,A,B,3.2,3.013409
26,1,83.81907378,72.91780774,A,A,2.55,2.6201997
26,1,72.54680239,55.89888092,C,B,1.85,2.0848324
20,1,94.14880326,76.39277511,C,A,3.125,2.9812982
24,0,72.94564475,91.60558445,B,B,2.775,2.9807205
22,1,80.08826961,93.06442115,B,B,2.875,3.075301
20,0,96.10871027,68.73842779,A,B,2.925,3.011154
21,1,77.37278913,55.75989213,A,A,1.962,2.2082174
19,1,62.32124217,56.27970889,B,C,1.45,1.7445829
25,1,69.71000952,66.53378107,E,C,1.675,2.0449715
20,1,52.60779645,57.3387014,D,C,1.262,1.2882965
24,1,75.06782887,50.85186533,E,C,2.125,1.9624875
25,0,82.88054358,66.26701421,B,B,2.35,2.515028
26,1,55.70367665,63.90971703,F,D,1.362,1.7309511
26,0,54.73913753,55.93065313,E,E,1.112,1.2402965
24,1,64.60941338,93.45832649,A,A,2.55,2.6019595
20,0,98.53266563,85.76801998,A,B,3.45,3.5093317
24,1,62.84231275,92.68375213,C,C,2.375,2.5226848
26,0,92.43254381,93.72643974,A,A,3.475,3.503292
24,1,53.30877606,75.28404898,B,B,2.738,2.1893384
19,1,97.25357513,81.74737253,B,B,3.125,3.0762377
25,0,74.84283079,67.23331365,B,A,2.475,2.464338
19,1,76.54388117,50.70927848,E,D,1.725,1.9114527
23,1,74.84096126,77.56560522,B,C,2.625,2.5235794
24,1,66.26560092,64.78072038,B,D,2.1,2.0533953
19,0,59.8430992,95.19656891,D,B,2.425,2.4915287
24,1,95.69318445,70.02525852,C,C,3.0,2.9552617
22,0,66.47989698,87.14604581,A,A,2.525,2.5986283
24,1,96.03973043,58.43414352,C,B,2.55,2.4777775
24,1,92.71006475,58.74769007,D,B,2.4,2.4473596
24,1,50.19409981,63.34784279,D,F,1.188,1.2638379
20,0,61.87674516,66.33764472,D,D,2.112,2.01738
25,0,89.2420787,77.53824874,A,C,3.05,2.9814196
23,1,59.88017293,96.0691347,D,B,2.625,2.5081084
24,1,54.72303041,93.15758614,D,C,2.625,2.4206367
22,0,82.47336644,77.48420864,B,C,2.275,2.6579828
18,0,83.88873629,83.10589025,B,C,3.075,2.9537194
19,1,53.8682482,95.18868515,D,C,2.55,2.3910916
18,0,83.37468965,78.14629394,C,C,2.875,2.8189683
18,1,95.87602006,97.24059579,A,B,3.475,3.50781
22,0,72.9405152,55.52526639,B,B,1.925,2.1808095
22,0,51.19595306,80.69422855,D,A,2.038,2.152445
21,1,96.28251876,87.07533896,A,B,3.55,3.4756808
20,1,96.89174976,58.47375895,D,B,2.35,2.4679403
22,1,70.59873445,94.24414969,A,B,2.95,3.0023181
21,1,56.07444095,63.88290038,E,F,1.425,1.6006229
23,1,61.56607642,92.93445007,B,D,2.475,2.4444685
25,0,62.6039181,63.31981546,B,D,2.075,2.062123
23,0,89.94779596,77.7894861,B,A,2.975,2.9872272
20,1,53.81351484,93.08412179,A,B,2.375,2.5494685
24,1,69.38803763,99.15265567,B,C,2.675,2.9747534
21,0,79.564102,68.90107978,A,B,2.775,2.5659373
26,0,84.07378185,52.01192242,D,C,1.725,2.105882
18,0,50.63313393,78.23984276,A,A,2.212,2.1597157
18,0,58.32489744,85.55562979,B,D,2.475,2.4373217
21,1,80.01438386,51.20603347,D,C,2.0,2.0501363
26,1,85.48748972,87.61461042,B,A,3.25,3.0671897
25,1,77.22569015,95.03655131,B,B,3.0,3.0305572
24,0,67.98217365,59.63013483,D,A,2.088,2.1719675
22,1,82.43537613,79.47391593,A,C,2.625,2.9237447
26,0,90.71176246,75.65231969,A,B,3.025,3.028765
25,0,62.65659313,59.41703284,E,E,2.35,1.9205745
18,1,59.23488311,74.85347373,E,A,2.162,2.132055
21,1,99.33680144,67.10426985,A,A,3.075,3.0554793
26,1,53.02123861,98.53988524,A,C,2.475,2.5380213
24,0,68.95960653,91.64050841,B,C,3.025,2.7958431
22,0,73.68988284,98.78332287,A,B,3.175,3.0562377
18,0,86.84840647,54.22368861,A,B,2.575,2.3462653
18,0,97.86856073,87.67625264,A,A,3.475,3.5097747
18,0,57.65118135,58.73238654,E,B,1.375,1.3001196
21,1,85.67988096,60.82386535,B,D,2.45,2.4453523
24,0,59.03960498,92.50326823,D,A,2.4,2.4869022
20,1,69.27478216,51.09524406,E,A,2.4,1.8820914
20,0,88.2692128,92.64567183,A,B,3.5,3.4034486
21,0,77.91647997,82.96664639,B,B,2.85,2.7918203
25,0,57.46250714,89.38646981,C,A,2.6,2.46831
25,1,74.21755301,74.33095298,D,A,2.675,2.4330082
23,0,99.8016584,71.01978064,B,B,2.825,3.0407403
25,0,98.09851799,86.78469656,B,A,3.6,3.5143805
19,0,71.65912737,96.20187721,B,A,2.85,2.9969707
26,1,69.52123265,65.36435362,D,E,2.05,2.0243006
25,0,54.71332459,52.48325124,B,C,1.388,1.4002848
24,0,86.97268325,97.46314433,B,A,3.475,3.4866118
22,1,87.2189792,65.51187058,A,C,2.6,2.6055923
25,0,86.05603049,84.96969371,B,B,3.025,3.0221636
18,1,74.42439619,86.14023251,B,C,2.925,2.834864
23,1,75.56952184,59.11163535,D,A,2.1,2.1094103
24,0,59.03418484,56.18263977,B,B,1.275,1.4347723
18,0,87.32662084,83.08816153,A,A,3.1,3.0276284
23,0,76.05079662,87.38311448,B,A,3.05,2.9780366
25,0,53.26867427,64.8017191,B,C,1.55,1.6422935
25,1,77.76088783,97.55187047,A,B,3.1,3.0701187
26,0,93.40384096,63.45605935,D,B,2.35,2.4743507
25,1,79.29775834,91.73984762,C,A,3.175,2.9995983
24,0,84.85710163,86.97545811,C,C,3.05,2.9326131
23,1,95.56957213,58.07610104,D,C,2.325,2.421709
26,1,63.19614033,87.66461689,C,A,2.225,2.4921165
21,0,84.66942869,91.21937934,C,B,3.075,3.0182414
21,1,75.26478006,72.38124826,A,D,2.6,2.45931
19,0,83.68731809,54.72194071,A,C,2.0,2.3878546
19,0,76.45379566,52.40215652,E,E,1.938,2.041588
22,0,84.61743868,77.89850069,B,A,2.975,2.8776207
22,0,54.59010393,93.21616684,A,D,2.4,2.4590046
25,0,89.18710068,99.68581886,A,A,3.5,3.5092187
21,0,69.43471336,97.11485439,A,B,3.2,3.0009875
23,1,83.9062384,80.44536164,B,A,3.175,2.9369898
19,1,71.63544053,71.36916053,A,B,2.575,2.5513248
26,1,50.64651293,84.47437582,E,D,1.9,2.0708132
23,1,67.99890218,87.10953465,D,C,2.3,2.4399943
23,0,62.62554861,92.24718149,D,B,2.8,2.4939873
26,1,51.65871593,96.46990878,B,A,2.825,2.5475726
21,0,97.02770993,65.46351857,C,B,2.85,2.946359
22,0,73.93004819,52.40086944,B,A,2.1,2.1411536
19,1,85.71857911,97.3716969,B,A,3.65,3.472936
19,0,58.63697469,97.19586574,C,A,2.6,2.4859095
23,1,83.80118577,58.28166486,D,B,2.45,2.350743
19,0,52.39297723,92.49215294,A,D,2.425,2.483747
26,0,78.68966355,82.85815778,A,C,3.0,2.7950163
19,0,58.51017736,85.54248869,A,A,2.75,2.5849254
25,0,73.64967859,89.25116905,A,A,2.925,2.9877014
20,0,97.08671461,54.21021712,D,D,2.325,2.4775894
24,1,53.97166556,66.53442517,A,E,1.962,2.0359638
25,0,81.21459966,54.78554759,C,A,2.038,2.184727
23,1,70.14063853,80.83826943,D,A,2.55,2.470614
20,1,91.53058269,77.59409163,C,A,3.025,2.9828346
23,1,98.37869384,88.68925666,A,A,3.6,3.5116053
24,1,58.8290415,72.71289611,D,D,2.15,2.0948813
18,0,74.30045658,89.2017872,B,B,2.825,2.9806986
22,1,90.65010534,63.93273445,C,D,2.3,2.4496026
26,0,61.67234761,70.53709081,B,D,2.2,2.1614943
24,1,68.4867646,81.18699249,D,C,2.65,2.4353092
24,1,56.59631462,75.82526784,C,B,2.088,2.1388838
21,1,87.86114998,52.48512044,C,B,2.55,2.3174758
25,1,56.73455478,86.43430106,A,C,2.6,2.5002835
19,1,84.49320282,61.76435227,D,C,2.25,2.4427152
18,0,71.88063477,70.19114206,C,D,2.3,2.4369533
22,1,63.97994515,97.12013287,B,A,2.95,2.7799382
20,1,68.24848027,75.55948212,D,B,2.575,2.404929
20,1,61.29129469,82.33603871,B,D,2.475,2.4289794
24,1,73.51480733,74.24867221,B,D,2.7,2.4442496
20,0,57.70083232,70.19748066,C,C,2.375,2.1188767
23,0,61.0551288,53.23575842,B,F,1.388,1.2984449
26,1,72.73177258,83.05038507,D,A,2.375,2.4126952
20,0,99.76362014,58.00528284,B,B,2.55,2.6262977
25,0,69.23423714,69.85462149,C,C,1.775,2.3166633
19,1,78.324406,95.62114271,C,A,2.875,2.9630237
19,0,95.43233741,76.06107903,B,A,3.075,3.0074685
22,1,73.58804195,81.16231624,D,B,2.3,2.4421797
22,1,58.60751334,65.9738052,A,D,2.225,2.087076
24,0,60.41716268,72.3646895,C,D,2.188,2.1428783
24,0,88.06977629,56.30509924,C,C,2.575,2.4401023
24,1,83.12507949,60.12779542,D,D,2.425,2.3596733
19,0,56.63890294,81.95664313,B,B,2.125,2.3158088
21,1,67.56682906,60.4553379,D,A,2.125,2.2178056
23,1,86.73627661,80.35829352,B,C,3.075,2.9668417
21,1,62.52076305,88.51913763,A,B,2.475,2.5683973
24,0,81.89791544,64.9233338,C,C,2.45,2.4585955
18,0,91.18041253,56.71982964,B,A,2.675,2.511253
18,1,75.7494376,77.30017624,C,D,2.25,2.4745624
21,0,82.11567548,61.88579801,A,B,2.425,2.4493713
23,0,81.2564308,73.64180159,A,D,2.575,2.4557843
21,1,59.8745852,50.21364668,E,F,1.562,1.269891
22,0,55.59706722,85.74112067,A,B,2.55,2.421045
19,0,68.41330196,71.95364515,B,B,2.45,2.295513
22,0,98.19216083,89.52865056,A,B,3.6,3.4945714
20,0,97.96300932,60.41934213,B,C,2.475,2.588053
22,0,79.42639706,92.40250836,C,C,2.75,2.9326131
22,1,71.14066952,95.92175015,A,B,2.925,3.0098038
24,0,57.46569657,53.42774963,D,F,1.5,1.2734727
23,1,70.71080532,53.08144272,B,D,2.225,2.103144
23,1,59.83990095,61.15705067,E,B,2.05,1.7559944
24,1,64.22663366,96.75989719,C,B,3.2,2.7325013
18,1,96.28002395,69.22793388,A,B,2.8,2.962697
21,1,92.1636529,56.18285156,B,A,2.8,2.5565217
25,1,81.04689521,82.01783858,C,B,3.2,2.9347556
23,1,92.59442804,65.00530176,B,B,2.625,2.591367
24,0,69.71640773,74.23825839,A,C,2.6,2.4970136
26,0,65.69014664,61.72898719,D,B,2.062,2.1121027
22,1,94.6441766,98.52785025,B,A,3.45,3.5168738
19,0,68.03009279,68.43447989,D,C,1.875,2.1555712
19,1,61.86325808,55.61557608,D,C,1.262,1.3891062
20,1,57.5398781,68.4530123,C,D,2.038,2.1009524
24,0,50.75343671,55.22548232,B,C,1.462,1.3958918
18,1,88.44350982,73.41528592,B,A,3.0,2.798469
25,1,75.81728885,99.85472303,C,A,2.95,2.990344
22,1,91.40097894,94.10901603,B,B,3.4,3.4729311
19,1,71.34870215,55.65285243,D,A,2.0,2.0936458
20,1,98.01228359,65.51779872,C,B,2.95,2.9631417
21,1,76.34803821,69.45058077,D,C,2.225,2.3981836
23,0,68.10442641,65.3560829,E,B,2.462,2.067331
24,0,71.64272446,91.59200503,A,C,2.875,2.943235
26,1,96.48535588,56.06022323,C,A,2.6,2.5129907
21,0,53.17465784,98.85659811,D,A,2.5,2.4343007
18,1,74.42689725,79.99210348,B,B,2.125,2.5374713
26,0,73.20013432,95.53163058,C,B,3.1,2.9880955
18,1,60.62076926,87.75093591,D,C,2.775,2.4360604
24,1,61.62796542,51.62079749,E,C,1.4,1.3285288
19,0,57.08457756,83.95871823,B,A,2.7,2.3731856
18,1,97.32401602,56.77411995,A,A,2.425,2.5132434
21,0,51.13142197,82.89862764,A,B,1.688,2.25463
24,1,78.23986164,65.11260447,A,C,2.475,2.4733417
20,1,85.42947819,71.06280634,B,B,2.375,2.7159677
23,1,96.54793074,51.38738418,C,B,2.25,2.501722
20,0,62.5530918,51.43587562,B,B,1.125,1.4454247
21,0,84.47070544,58.04932665,C,B,2.325,2.4105463
19,1,70.47639076,53.42435503,E,B,2.05,2.064209
18,0,50.75756925,56.41531573,C,B,1.6,1.3705267
20,1,74.66910111,90.61529893,C,A,2.8,2.9243095
23,0,60.72945334,97.98081084,C,C,2.6,2.6725445
19,1,73.00741183,59.25733147,E,E,1.575,2.002624
23,0,83.52165054,70.2351116,A,D,2.525,2.5469952
19,1,99.06130872,62.76581881,B,C,2.95,2.8783038
23,0,90.0005784,78.92824661,B,C,3.0,2.9743533
22,1,86.5434515,67.34855208,D,D,2.6,2.4453967
18,0,55.35195541,58.50251786,B,F,1.8,1.2278867
20,0,97.10359014,99.64084506,A,B,3.425,3.524106
23,1,55.98927803,82.61163235,C,E,1.912,2.0575955
21,0,99.57569369,68.6266901,C,C,3.0,2.9411924
18,1,59.00144026,99.3386099,D,A,2.475,2.4958448
24,1,51.68258625,88.11539432,B,C,2.45,2.4195445
25,1,82.44704632,95.9198523,B,C,2.725,3.128999
25,0,53.30053644,78.78244918,D,C,2.25,2.04658
18,0,65.76346893,56.41526162,D,B,2.175,1.9606647
19,0,51.95362676,67.98521092,B,D,1.062,1.7113842
25,0,78.88458592,55.67125557,C,D,2.112,2.1029856
24,0,81.16485349,66.72298499,B,D,2.6,2.4638224
22,1,87.9116613,84.62395834,C,A,2.85,3.0019476
26,0,73.07276839,98.11300642,B,B,3.075,3.034716
21,0,90.75565455,86.51398247,A,C,3.075,3.0458524
24,1,92.65834016,69.30167958,B,C,3.025,2.990072
24,0,85.87663098,81.3760699,C,B,2.9,2.956306
19,0,91.9318082,50.69722409,D,C,2.625,2.3986633
26,1,99.86715517,82.54849675,B,A,3.5,3.4295166
19,1,53.2982269,87.92900672,C,A,2.575,2.508191
24,1,94.40905252,53.69118001,C,A,2.8,2.4860597
26,1,68.96859192,69.42307518,B,A,2.525,2.2609231
22,1,51.52335021,99.79093885,B,D,2.6,2.4461503
24,1,97.23346202,58.0719405,B,D,2.525,2.4411697
24,1,93.10547697,58.61698165,A,B,2.575,2.5106583
20,1,62.5166631,83.01663214,B,D,2.6,2.4300988
21,1,98.7131781,98.57316896,A,A,3.55,3.5337389
19,0,76.88729775,50.95910327,B,A,2.425,2.1470923
18,1,84.15332285,70.65537583,B,C,2.6,2.5845106
25,0,51.98477733,78.40632489,C,B,2.5,2.0984626
24,0,97.54433185,59.0579742,D,B,2.4,2.475369
18,0,58.4974546,97.14712907,C,B,2.6,2.448918
22,1,65.63282328,63.25407249,A,D,1.862,2.097908
18,1,56.05909227,78.26632922,E,A,1.788,2.160646
24,1,89.21422044,82.58711407,C,C,2.8,2.9493146
26,0,57.40527055,91.42107431,B,B,2.525,2.5672164
23,1,58.92327324,65.6193696,D,D,2.125,2.032033
23,1,56.67458175,55.60906963,F,C,1.388,1.2787118
18,0,98.08232696,62.36209782,B,B,3.25,2.8091946
25,0,71.80574228,56.00161385,B,A,2.362,2.1349406
20,1,57.27341942,98.19454569,B,C,2.825,2.5009866
23,0,67.01613898,93.59973588,C,C,2.725,2.7838538
26,0,82.4410775,62.40111251,C,D,2.25,2.4840844
21,0,77.3105729,81.60797587,A,C,2.325,2.7350147
19,0,58.96153713,75.29763815,A,E,2.3,2.0859094
26,0,88.51092271,58.69307271,C,B,2.675,2.4836266
25,0,94.00166297,78.94277495,B,C,2.95,2.9536452
22,1,64.11374836,95.19380003,A,C,2.325,2.6866806
25,1,99.78089014,74.94809862,A,C,3.075,3.0043962
24,1,97.49329789,82.04759742,A,A,2.95,3.2913911
19,0,97.4894975,94.53216281,B,B,3.6,3.474986
22,1,73.87915257,50.86372299,C,B,2.038,2.1821663
24,0,94.24774007,91.76795837,B,B,3.425,3.4797986
25,0,91.65648926,63.623379,C,D,2.675,2.4760468
25,0,82.40609176,73.22793003,A,B,2.65,2.5504303
26,1,99.75045458,94.52342363,B,B,3.525,3.4723184
22,0,88.22275598,81.22116932,B,B,3.375,2.9993775
19,0,73.88768962,96.60827827,B,C,3.275,2.9771695
26,1,58.25791486,82.97090682,B,B,2.475,2.3797832
19,1,94.08035892,63.38025891,B,B,2.475,2.583226
26,0,89.27920552,65.54140435,B,A,2.775,2.6270168
26,0,65.7508908,87.77271718,B,D,2.475,2.4325738
23,1,94.84698503,59.58399715,C,B,2.325,2.500836
18,1,76.40926285,62.68289333,C,C,1.738,2.3481
20,0,61.66711108,96.90614491,B,B,2.5,2.5928695
24,0,74.60902245,71.00624515,A,B,2.5,2.5669682
23,1,98.54806655,84.46698746,B,B,3.55,3.4879243
21,0,84.06283909,94.64885982,A,A,3.025,3.2536433
19,1,80.68447851,55.46204456,A,A,2.35,2.2990317
23,1,78.32436972,59.21422538,A,A,2.438,2.2727425
22,1,95.71687518,89.33413466,B,A,3.475,3.505671
21,0,58.50539069,86.72818947,C,D,2.425,2.4261403
22,0,79.72053936,87.93881471,C,C,2.725,2.9261856
25,1,72.28957017,67.54248522,A,C,2.3,2.3315713
25,0,71.84159728,93.52094025,A,A,3.225,3.0558865
20,0,90.16026523,82.69722992,A,B,3.15,3.0317137
25,0,55.65128636,72.64695227,C,E,2.05,1.9822814
26,0,56.23573377,87.97258065,B,C,2.625,2.5048099
19,1,61.1728417,67.18326731,D,A,2.088,2.1298256
21,0,93.37692148,56.63167871,C,B,2.625,2.4978857
19,1,90.6363057,64.15829271,A,D,2.35,2.4524508
19,0,50.70678762,98.27015058,C,C,2.6,2.4162545
24,1,60.290008,92.21122478,B,A,2.525,2.6031475
25,1,66.56751483,76.42343231,C,A,2.275,2.4202526
22,0,55.7445432,83.80484384,B,E,2.0,2.2098615
19,0,93.43055746,60.72312729,A,D,2.5,2.4581473
20,1,94.38436677,66.49584769,B,C,3.2,2.8742874
25,0,92.67322949,74.14529057,C,B,3.1,2.973573
26,0,62.01695545,96.35223988,A,A,2.375,2.5809548
25,0,80.9994226,67.72926636,A,C,2.45,2.5289617
23,0,90.45391818,67.75656288,D,A,2.6,2.461056
18,1,98.34833097,51.34381998,D,D,2.35,2.3497765
18,0,83.6655987,69.24335087,D,A,2.175,2.433109
23,0,52.41229257,55.94450764,D,F,1.1,1.241415
24,0,57.10700844,72.32164721,A,C,2.138,2.1471817
20,1,70.94688675,93.48849704,C,C,2.825,2.9277308
26,1,90.46146921,73.41549613,A,A,2.675,2.9590719
22,0,73.36177102,86.52463074,A,D,2.8,2.5806992
25,1,73.38397313,70.28229627,A,D,2.25,2.4946797
25,1,99.15938281,73.39263353,C,B,3.125,2.9456115
25,0,88.94199079,64.65058325,B,D,2.375,2.4675183
24,0,62.12987426,64.49728157,D,E,2.375,1.9858859
21,0,97.38992701,57.00594687,B,A,2.4,2.5886753
21,0,88.10919153,69.65587834,A,D,2.25,2.5371125
25,0,93.6418281,69.95174757,B,A,2.85,3.0375896
25,0,68.71522844,61.85754932,B,A,2.238,2.1834414
18,0,52.19472919,79.00550043,C,A,2.2,2.1505547
25,0,84.84506266,50.12716485,D,C,1.875,2.0276217
23,0,99.02673699,59.38684744,A,D,1.95,2.4388216
24,1,66.77964469,55.74661837,B,A,2.0,2.1070082
19,1,66.6173093,56.24942131,B,D,1.925,2.055995
18,0,94.10668196,71.78334295,A,B,2.975,3.0219352
26,1,55.63495546,68.91801455,C,D,2.062,2.0921052
18,0,95.83931832,68.24002789,A,B,3.05,2.9519837
20,0,82.23229828,91.80118864,B,C,3.025,2.9255502
24,1,83.54338201,98.84200722,B,A,3.55,3.4573672
25,0,94.30919985,95.94478685,A,B,3.65,3.5080047
24,1,51.32399372,54.20776677,C,B,1.238,1.3627205
26,0,91.35448505,61.4589312,C,A,2.9,2.5540853
20,1,67.15698974,59.51829138,E,A,2.025,2.0815713
25,1,53.9174934,98.34111378,C,C,2.1,2.4754865
22,0,80.24325961,56.10913255,B,D,2.35,2.1500216
24,1,70.24126186,83.10983262,D,D,2.475,2.4799275
20,1,87.46508901,75.16458859,B,A,2.95,2.9758005
19,0,59.23661528,90.08099153,B,D,2.525,2.480843
19,0,79.75303804,85.20972364,A,A,3.35,3.0261772
19,1,50.14186475,91.22543178,A,A,2.675,2.4902709
25,0,59.70271521,51.17282799,F,B,1.375,1.3377689
20,1,98.31921249,87.97732761,A,B,3.35,3.498047
21,1,81.74708575,98.94437133,B,A,3.55,3.3681953
24,1,96.92010758,55.82246801,D,B,2.75,2.468126
22,1,81.14803907,75.57046432,B,C,2.575,2.5257156
21,0,86.34773831,72.75002739,D,B,2.125,2.5427709
22,0,86.26542023,66.67434982,A,D,2.8,2.4869907
20,0,60.38715366,90.91584531,C,D,2.475,2.4548025
25,0,90.53756203,59.54001633,C,A,2.3,2.4860668
21,0,79.17433903,61.36340648,C,A,2.25,2.3659937
26,1,67.52193485,74.46141101,B,B,2.35,2.4109488
23,0,51.35795928,77.91847397,B,A,2.35,2.2047925
20,0,57.26183217,81.02690294,B,E,2.15,2.2071157
26,0,55.75012626,93.61602102,B,C,2.55,2.5866144
21,0,57.1872096,81.57770316,D,A,2.125,2.2343798
23,1,61.78664787,51.19202659,F,F,1.4,1.1873968
21,1,93.34244817,70.4489862,B,B,2.75,3.0323489
25,1,57.57612019,53.28286505,F,D,1.188,1.2191229
25,0,55.42730514,62.14572626,D,B,1.45,1.3437259
26,0,62.55392363,71.29513139,B,A,2.038,2.225103
24,0,90.29618251,92.77529827,A,A,3.55,3.4875515
18,0,87.67499456,79.78893158,B,B,2.9,2.9885404
25,1,89.12795787,72.91190321,A,B,2.75,2.9409993
23,1,98.9709006,52.87226763,B,D,2.5,2.4732773
22,0,88.47110908,77.40602242,C,A,3.025,2.9640594
25,0,55.43221696,87.82132612,B,D,2.2,2.4633415
23,1,83.83316241,56.65514889,A,B,2.5,2.4254613
21,0,63.14561295,59.2708737,E,D,1.975,1.9998965
20,1,81.91662592,88.70948983,A,B,3.2,3.0237274
22,1,64.53713258,85.67781681,C,C,2.425,2.4976158
18,0,92.77120441,61.03385034,A,A,2.475,2.479983
22,0,50.67897127,91.82080594,D,D,2.575,2.3741648
21,1,85.78416431,64.47545852,A,B,2.275,2.5994384
21,1,56.31638283,59.12903763,F,D,1.212,1.3762833
26,0,52.75762966,69.11370192,D,E,1.65,1.9420308
21,0,85.56448677,76.32015776,A,B,2.875,2.9401486
26,1,51.00333537,94.30005825,D,A,2.475,2.3909078
18,1,57.44555996,94.38428675,C,A,2.425,2.455669
26,1,72.34755814,69.25582237,B,A,3.05,2.414733
20,0,86.25765534,84.75330997,A,B,3.075,3.0319135
18,0,78.16440755,57.75172796,E,D,2.375,2.0672343
24,0,63.67509699,54.9351297,B,D,1.488,1.6236043
24,1,58.88241177,59.34244831,D,E,1.138,1.4006222
18,1,92.7333754,65.72408662,A,B,2.55,2.7251308
21,0,65.53939651,94.40647526,D,C,2.35,2.5062304
22,1,78.39191926,87.69156244,A,C,2.85,2.9794464
20,1,54.92011754,69.02570713,B,B,2.0,2.1270936
22,1,59.05449076,56.39141433,D,B,1.362,1.414681
18,1,58.32804433,59.03109448,B,D,1.275,1.3246561
21,1,78.39219401,97.38538153,B,B,3.15,3.06953
18,0,64.47778761,95.23394733,B,D,2.35,2.5146532
21,0,99.5080533,87.26072146,B,B,3.475,3.5048459
20,1,76.02952578,75.63627069,C,D,2.5,2.4714956
23,1,70.2566613,54.39469317,E,A,1.838,2.0815647
26,0,70.26836182,91.46218974,C,A,3.15,2.8728418
26,1,58.62779695,71.66144123,A,D,2.412,2.154822
24,0,56.81596774,85.57974902,A,C,2.7,2.484822
23,0,73.67524166,57.64480775,E,D,2.013,2.030169
20,1,92.31940135,74.59089042,B,B,2.9,3.016566
20,0,96.6970906,71.40904204,C,A,2.975,2.9936697
25,1,96.88093813,63.40546444,B,C,2.8,2.8331678
23,0,57.29002767,86.9687229,B,A,2.675,2.522462
26,1,89.82543055,61.91870567,B,C,2.675,2.4704792
20,0,99.93473977,57.74503645,A,B,2.65,2.550166
22,0,75.02524355,64.26531836,D,B,1.938,2.250471
25,1,62.35775094,66.81731313,E,B,1.938,2.0929134
21,1,65.97126079,69.82008622,E,E,2.112,1.9997115
21,1,99.9166369,65.57937812,B,B,2.825,3.0311651
23,0,84.25384935,50.14677366,D,B,2.25,1.9976143
18,0,86.68965622,95.56494822,B,A,3.5,3.464253
25,1,70.23412525,50.19837277,D,A,2.025,2.0711784
25,0,71.5535824,60.34560139,A,E,2.112,2.0517547
21,0,63.45450754,54.84722763,D,C,1.588,1.696964
26,0,77.9140185,61.23612156,B,A,1.975,2.3694963
23,1,74.81137403,50.45016577,D,A,1.988,2.09942
21,1,63.4180766,56.03995608,E,C,1.15,1.6858354
22,0,93.18462946,90.83347845,A,B,3.5,3.4974084
23,1,61.52896918,78.48007343,A,B,2.45,2.3208475
20,1,59.76569953,59.14287189,D,B,1.3,1.779846
23,1,89.89372435,53.80756362,B,B,2.775,2.497901
18,0,63.69961934,60.98313254,B,E,2.338,1.9907956
25,1,88.8895592,82.60004988,C,B,3.0,2.9828033
22,1,58.30680135,54.4166943,B,D,1.4,1.3745009
25,0,88.19619975,60.87557465,D,B,2.575,2.509271
23,0,52.53914067,92.94041804,C,B,2.475,2.4572165
23,0,57.44065158,63.12375219,A,D,2.288,2.0421398
22,0,65.49630995,79.07412817,D,C,2.375,2.3406322
22,0,77.47025829,54.49214388,A,B,1.938,2.2191286
21,0,93.8888249,89.36349033,A,B,3.45,3.5040941
20,1,60.67387845,86.38048605,D,A,2.6,2.4335203
22,0,76.65712135,53.20814466,E,D,1.938,2.0543077
24,1,74.56668386,54.22682024,D,D,1.9,2.0673711
21,0,77.79839189,89.15015439,A,B,2.95,3.0260825
19,0,52.53722577,54.22681169,C,E,1.312,1.2579172
21,0,65.82239545,50.24397394,B,D,1.3,1.3796779
21,1,62.3764207,54.35712022,D,C,1.25,1.442098
21,1,94.32372856,72.55058805,A,C,2.775,3.001327
23,0,84.77398233,59.2671661,D,D,2.375,2.455868
24,1,55.44898685,66.02102976,B,C,2.3,1.9717681
25,0,52.36622581,58.30177726,D,D,1.025,1.2723422
26,1,52.99191905,81.06049453,E,A,2.075,2.107137
20,0,57.55687276,93.82561801,D,C,2.8,2.3917472
22,1,88.3982172,89.5622657,C,C,3.025,2.9267662
20,1,61.27413087,95.15132627,A,B,2.325,2.5679135
20,0,50.66042085,69.733924,B,C,2.2,1.9871476
18,1,81.64858317,86.6407882,C,B,2.875,2.9783397
22,1,97.80399231,79.62705482,A,C,3.1,3.0318942
25,1,73.90460305,53.44912159,A,D,2.362,2.1344602
22,1,95.69053182,84.9336141,B,B,3.5,3.3951504
22,1,68.33885032,67.52169294,A,C,1.912,2.21144
26,1,68.38447757,79.20344168,B,A,2.35,2.5094078
20,1,51.41128668,50.55864887,E,C,0.95,1.3001586
19,0,82.41629957,78.03201785,A,C,2.95,2.687075
22,1,63.8086102,91.99192985,B,B,2.65,2.5879724
20,0,86.7356432,83.01218536,C,C,3.05,2.944265
24,1,73.74099403,79.8733039,D,B,2.125,2.4434762
26,0,59.87242815,51.75734204,F,D,1.225,1.3324215
26,1,78.501451,73.68933635,B,B,2.475,2.5389833
18,1,93.23307076,90.2168685,A,B,3.55,3.4994047
19,1,77.21922924,71.20480389,B,D,2.525,2.4817047
20,1,76.61994565,55.15398759,B,E,2.013,2.0662348
19,1,85.17248411,69.30200004,C,B,2.55,2.6918602
19,1,91.4252563,78.16884737,B,B,2.975,3.013212
25,0,75.04007708,66.21803578,C,C,2.375,2.3783574
23,1,85.58363643,54.51578728,A,C,2.325,2.354341
20,0,52.96337435,54.66665859,D,F,1.388,1.2522147
25,0,57.48500647,81.93888658,B,E,2.15,2.186909
22,1,81.64377782,79.17842167,C,A,2.975,2.7854164
24,0,87.78982986,69.9383194,C,D,2.425,2.5364995
21,0,80.29654827,66.69013349,A,B,2.65,2.545438
22,1,65.96245377,51.3800975,D,D,0.95,1.3980687
23,0,65.16019687,62.83100628,E,C,2.038,2.0110946
25,1,89.84113054,52.82086838,A,A,2.8,2.5323186
18,1,62.6076643,65.7995241,B,E,1.875,2.010575
21,1,64.32806632,73.25950042,E,C,2.338,2.1313832
21,1,70.1762553,67.34242691,E,B,1.988,2.1360316
22,0,85.01555053,81.41923583,B,A,3.05,2.846824
25,1,83.7778074,96.86402239,B,B,3.4,3.4188607
18,1,59.32186496,51.88551458,D,F,1.1,1.2854197
26,0,75.79862943,82.22797245,D,D,2.475,2.393694
23,0,92.8375771,88.91903747,A,A,3.575,3.4522586
24,1,92.52640726,99.14991495,B,A,3.5,3.5097694
18,0,92.90072732,60.25376552,D,A,2.4,2.4195867
24,1,99.38277846,92.20862385,B,B,3.475,3.4777205
23,0,70.12211277,76.51782719,B,B,2.75,2.5471752
22,0,83.54229127,57.17004836,D,B,2.0,2.3372169
24,0,74.47316855,80.70177112,D,A,2.35,2.4684813
25,0,52.13279249,55.54114327,E,F,1.275,1.2582089
18,0,91.68241186,73.95748572,B,B,3.1,2.9948688
22,0,82.05672151,50.8953137,B,A,2.488,2.1424794
21,0,67.42508059,84.26251263,D,C,2.075,2.3639462
24,0,69.25240604,56.6516877,B,A,2.088,2.1539035
23,0,64.60152742,77.94852182,D,D,2.35,2.3046196
18,1,74.94645112,51.56056362,E,B,1.962,2.1264524
26,0,72.0502327,61.68987231,C,B,2.2,2.1612725
20,0,52.07878122,69.17647242,C,B,1.938,2.082482
23,0,76.16839434,72.55575786,C,D,2.4,2.4586225
21,0,64.71194543,56.60080325,E,A,2.062,1.9024252
25,1,59.58952834,99.26859226,D,D,2.25,2.5258234
23,0,79.49896093,79.69635885,C,B,2.475,2.7139387
23,0,87.77428887,93.64465765,A,A,3.6,3.4547641
20,0,70.80568067,71.64574868,B,B,2.4,2.501848
24,1,75.73103487,99.81005271,B,B,3.025,3.07158
22,1,60.85817416,59.16234012,B,D,1.912,1.8171413
26,0,56.34830256,50.65465604,E,E,1.1,1.256698
22,0,63.71965183,76.07455471,B,C,2.088,2.2825754
25,1,75.13519266,72.21965125,C,D,2.475,2.4171712
21,1,79.41771393,90.97142058,B,A,2.8,2.9951975
23,1,85.51075884,86.59348225,C,C,3.025,2.983105
18,0,51.27658842,88.51289637,E,E,2.0,2.0880923
22,0,66.08432999,61.70664325,B,B,2.512,2.188033
25,1,88.5903883,65.23379057,A,C,2.75,2.5500634
21,1,96.43614487,72.62993998,B,C,2.875,2.9960964
25,0,88.1247724,75.22350007,A,C,2.825,2.973605
21,1,96.71178685,67.64371823,B,B,2.9,2.9453483
26,0,58.87017859,59.73127185,F,B,1.25,1.4254578
21,1,77.70035468,64.90095966,B,D,2.4,2.3868
19,0,96.9160181,55.1982056,B,C,2.3,2.5205395
22,0,64.00815616,96.79584768,A,A,3.2,2.8221166
24,1,71.69450066,98.45166157,C,B,3.1,2.9378161
18,0,51.81627113,59.10567642,D,C,1.238,1.2670267
22,0,50.01236646,99.92837042,A,B,2.35,2.832367
23,1,71.43982262,81.12430331,B,B,2.6,2.5334833
23,0,66.50237925,80.21272544,D,D,2.45,2.39001
19,0,68.11668807,74.00615722,A,A,2.575,2.4426358
25,0,82.27253931,55.38221318,B,C,2.15,2.4143996
26,1,72.34349836,74.08090032,A,A,2.625,2.5795624
22,1,83.92395929,76.70045555,B,C,2.9,2.8211033
19,0,52.14667396,86.98739068,B,D,2.1,2.4023347
21,0,91.17766814,50.09901273,C,B,2.3,2.5088623
19,0,84.40261897,92.23894952,A,B,2.95,3.1348498
19,1,70.69020766,83.74608468,D,A,2.65,2.467567
24,0,89.54322407,84.45647859,A,A,3.0,3.0440528
25,0,60.09827194,85.84193683,B,A,2.575,2.5771587
24,0,68.32166342,65.11935829,D,A,1.888,2.1346605
19,1,71.10710671,62.51469196,E,B,2.212,2.093488
21,1,70.54340974,77.04431723,B,C,2.6,2.5253994
19,0,86.93016981,74.34604165,B,A,2.9,2.8940701
22,1,61.69130452,69.17286554,B,D,1.9,2.133698
25,1,52.07036142,91.72581047,C,D,2.625,2.395462
24,1,96.23690901,78.63121587,A,C,2.85,2.9779806
22,1,81.24608478,96.62562375,C,A,2.925,3.0631573
23,0,98.94425889,89.99336876,B,B,3.475,3.4770155
21,1,62.42810836,98.9887002,A,C,3.0,3.0046928
21,1,76.07854313,51.07581594,E,D,2.062,1.9780239
18,1,52.59386901,95.14233348,B,D,2.525,2.4281662
21,1,96.35572782,68.26004194,C,C,2.775,2.938781
18,0,71.79608869,55.57727972,E,E,1.912,2.0383744
26,1,85.61006341,88.85384818,C,A,2.975,3.023911
22,1,94.08676869,75.04294819,A,B,3.2,3.034615
18,1,64.10159876,91.98475637,D,A,2.525,2.5100682
18,0,94.04852061,85.7976773,B,A,2.825,3.3498487
25,0,86.56727538,92.89388249,A,B,3.05,3.2968898
25,1,83.5366891,65.9310191,C,B,2.65,2.5267372
19,1,68.22656201,88.0739439,A,A,2.55,2.6041338
24,1,64.99932615,50.88417031,F,C,1.55,1.2369549
20,0,55.68680946,95.92288388,D,B,2.45,2.434955
22,0,80.46750578,86.35170588,A,C,2.875,2.974896
25,1,78.50890342,58.53739296,C,A,2.2,2.1158013
18,1,78.09028412,52.98699869,D,A,2.013,2.0826504
18,1,55.20227985,82.30682809,C,C,1.888,2.125194
21,1,90.76277283,70.69863901,B,B,3.1,2.9387653
24,0,63.50769276,75.9319161,B,B,2.35,2.2665086
22,0,92.93810684,72.84747294,A,C,3.25,2.9979737
21,1,79.24376428,77.34971872,C,A,2.5,2.5711596
19,1,81.28937032,66.91325297,C,D,2.55,2.462603
21,1,99.01366536,95.07690963,B,B,3.5,3.4895654
24,1,50.2604849,85.57923215,B,B,2.262,2.3681521
23,1,60.62686799,88.72960887,A,C,2.55,2.5402331
19,0,54.96900019,69.72447014,D,E,2.112,1.9302251
24,1,69.9092165,90.96745094,C,B,3.075,2.81062
22,1,54.45086035,97.04962761,D,D,2.45,2.4305334
22,0,95.44693346,74.54389193,A,A,3.075,3.0234241
26,0,75.12527231,62.92802383,D,C,2.262,2.1530938
24,1,90.67259806,96.37221252,A,B,3.4,3.5048237
19,1,79.72280495,84.57651896,A,C,3.15,2.9749272
18,1,66.00165215,54.35382549,D,D,1.825,1.7370266
22,0,53.18386937,90.38562128,A,A,2.55,2.4958572
22,0,83.22491932,91.12523109,A,C,2.9,2.9583936
26,1,79.86418282,73.74895672,C,B,2.7,2.525687
18,0,68.02797484,88.4556834,B,D,2.275,2.4295993
23,1,91.74807627,64.61618372,D,A,2.725,2.495351
24,0,89.89548642,94.82919011,B,B,3.425,3.4825718
26,1,85.91787077,60.69774136,D,A,2.3,2.5089781
18,0,79.44388879,97.85944603,B,B,3.0,3.0729103
22,1,60.85990646,54.94872818,F,E,1.112,1.174635
23,0,55.62663295,74.37325059,B,C,1.938,2.1444569
19,0,77.76688102,50.48646519,A,D,2.125,2.1878142
24,1,86.59084937,66.57658047,C,D,2.575,2.476937
18,1,67.50562922,98.98184458,C,B,2.625,3.0214422
20,0,88.82859875,56.51512628,A,A,2.675,2.5548031
21,1,65.86289696,71.02064462,B,D,1.95,2.2452376
21,1,75.95716108,70.25562755,D,C,2.325,2.4226851
22,1,71.07533532,78.73408336,A,A,2.575,2.5881152
25,0,70.5150931,94.82932403,C,C,2.875,2.9260266
20,0,74.42456853,58.16406951,A,E,2.112,2.0817678
22,0,73.86742304,67.73113019,D,D,2.375,2.307617
22,1,65.08009032,72.70627621,A,B,2.112,2.250327
20,1,78.59021459,85.76826602,C,C,3.075,2.9289134
25,1,58.03265162,88.20871502,A,B,2.45,2.535168
25,0,87.70659387,94.9523377,B,B,3.5,3.4844756
20,1,55.94104304,88.6465901,D,D,2.825,2.4201508
21,1,61.97808477,73.07632113,A,C,2.488,2.1982315
24,1,88.24450295,62.63644942,C,B,2.7,2.5458703
23,1,66.34571029,62.53001205,A,E,2.3,2.1096041
20,0,96.41736654,51.66449164,B,A,2.325,2.5858686
18,1,61.20884153,96.54512614,C,D,2.35,2.457491
24,0,99.99879706,83.91249374,B,A,3.7,3.4677777
20,0,65.57807489,77.49412918,C,D,2.45,2.442605
25,0,79.07830439,74.4448667,A,A,2.475,2.5690334
22,0,74.75252195,81.58175892,D,B,2.525,2.4334836
25,0,57.00161036,98.91161009,D,C,2.35,2.41756
26,0,87.93874093,87.13149773,A,A,3.15,3.0668962
21,1,78.67528847,82.03487239,B,C,3.275,2.762157
20,0,51.67680957,52.34043953,C,F,1.562,1.2242026
22,0,77.68665521,66.95578584,B,A,2.75,2.4938042
19,1,70.26444775,71.32359136,B,A,2.5,2.4932032
25,1,81.94434108,54.21752658,E,D,2.088,2.0627303
22,0,65.0968252,74.58719676,A,E,2.062,2.260479
20,0,59.36009939,94.7242468,B,C,2.35,2.5185416
25,0,97.0114236,56.91392338,C,D,2.6,2.484316
21,0,64.94103869,73.03377248,E,B,1.912,2.156623
24,0,82.04209418,58.59798058,A,A,2.875,2.3589754
23,0,69.49285894,56.37264531,B,C,2.262,2.1171496
21,1,86.30354846,52.59573159,D,C,2.038,2.0987713
21,1,89.68234663,58.6193109,A,D,2.325,2.3750765
23,0,51.44423049,56.70469321,E,D,1.288,1.3693969
19,0,77.35632561,83.24572738,B,A,3.075,2.851488
18,1,67.99256543,56.79816135,D,C,1.9,2.1338506
24,0,81.96079344,92.02622857,B,A,2.925,3.048761
26,1,91.1123962,84.45310046,B,A,3.225,3.0534494
26,1,74.02866773,50.44459702,B,C,1.962,2.1943476
20,0,50.78314486,73.15740895,B,A,2.388,2.1219237
25,0,82.57477674,70.42396803,A,C,2.525,2.5299757
21,1,76.06848762,61.60890035,B,C,1.975,2.1937876
20,0,54.45283701,82.31642728,B,D,1.962,2.122835
24,1,67.20702098,83.84505237,C,C,2.425,2.5050626
23,1,71.19132959,61.82641274,C,B,2.3,2.1332884
26,1,86.70923117,64.89428602,A,C,2.6,2.5236874
26,0,79.83205313,91.70280395,B,C,3.1,2.9576013
20,1,94.19017665,72.56392656,B,B,3.025,3.0065522
25,1,92.84176654,98.90951075,B,B,3.5,3.492305
23,1,83.50160311,73.12993619,B,B,2.25,2.5917988
20,1,60.47978203,82.02726791,A,A,2.6,2.5120194
19,0,82.41105536,67.81940483,A,C,2.9,2.475476
19,1,98.46030254,52.30970567,A,C,2.6,2.5700645
26,1,54.10646924,83.84556396,E,C,2.062,1.9836366
23,1,80.73871785,93.88576599,C,B,2.85,2.9703002
22,1,79.03204811,99.92742525,C,A,2.65,2.9823205
26,0,96.4138795,78.31868829,B,C,2.8,2.9686904
21,1,70.06482662,50.51672217,D,D,2.338,2.0559323
22,1,54.82682752,71.16399128,D,D,1.912,2.0875013
20,0,61.4421055,83.35533329,C,D,2.4,2.4034262
19,1,82.0040365,59.03354706,A,D,2.6,2.3451827
23,0,77.08921818,73.25560838,C,C,2.55,2.5104303
25,0,53.03688793,99.54390554,D,B,2.55,2.4961877
20,1,96.94010485,74.89863871,B,B,3.225,3.0129545
24,1,62.32781529,75.6854556,B,A,2.038,2.2539303
24,1,63.61011187,60.34887434,E,B,2.062,2.013742
19,0,70.81914042,69.56716434,C,A,2.375,2.438876
24,0,86.9668289,52.41998414,B,D,2.062,2.1108553
26,0,99.63528516,70.95035224,C,A,3.0,3.0474527
25,1,87.37124521,75.29202982,A,C,2.925,2.9829364
23,0,50.22524642,96.25098187,D,B,2.175,2.3951297
25,0,73.82815653,80.31170729,C,C,2.65,2.5263193
25,1,97.42544572,69.64930048,B,B,3.225,3.0344708
20,1,83.68358077,76.65946607,A,A,3.075,2.9036071
22,0,88.70939053,53.27507284,A,B,2.575,2.4516115
23,1,70.07676521,52.44671917,A,A,2.55,2.1936662
24,1,54.36816606,61.17671248,C,B,1.162,1.343049
18,1,70.9920261,53.73864847,C,A,2.288,2.0796685
23,0,65.07695721,81.02090669,B,C,2.7,2.5133832
25,0,99.86111145,51.16071031,B,B,2.675,2.7464912
21,1,61.32072948,98.6566117,D,C,2.6,2.6944425
18,0,64.49309644,97.88755107,B,C,2.75,2.8979588
20,1,58.60512837,61.10380959,C,F,1.288,1.4777981
18,0,54.6885293,81.20579033,B,E,2.112,2.110979
26,0,84.09977807,57.37212964,D,B,2.7,2.3875299
25,0,90.25570819,57.42668054,A,B,2.75,2.5246592
23,1,69.98706501,72.91455367,B,A,2.675,2.4985316
25,0,71.03311357,98.19963286,B,B,2.925,3.0053537
25,0,58.7242825,75.87654238,D,B,2.088,2.1273017
22,1,62.19424408,70.24254756,E,A,2.05,2.1427124
26,1,73.83967061,75.56770289,D,A,2.425,2.433737
26,1,91.57698638,65.59233036,D,A,2.7,2.5168355
23,0,65.46470327,69.01486503,E,A,2.088,2.081309
24,1,88.23937476,79.36519076,A,B,2.9,3.0202854
21,0,78.35665081,90.91647913,A,A,3.0,3.0257077
25,0,67.7900767,71.34590385,A,E,2.188,2.1648865
20,0,70.22089105,78.39345684,C,B,2.525,2.5146775
21,1,86.98517955,90.22359414,A,B,3.025,3.174816
21,1,93.37261192,97.38274777,A,B,3.625,3.504583
18,0,93.7664441,86.50827808,A,B,3.55,3.2670546
21,1,86.17505459,55.90862255,D,D,2.375,2.3834796
19,1,66.62743391,89.44692886,A,D,2.4,2.4941094
25,1,84.49662977,95.04119828,B,A,2.925,3.2504005
19,1,85.23027883,67.89021593,C,B,2.6,2.5913951
20,1,51.34535677,76.03369251,B,D,2.212,2.1607027
19,0,73.32248931,99.91759946,B,A,3.275,3.0412593
18,0,50.17138432,94.75314542,D,C,2.2,2.3775928
19,1,68.58789212,82.19040651,A,B,2.25,2.5785086
24,0,50.37570717,80.70660964,C,C,2.075,2.1317577
24,1,89.05627309,72.54164507,B,B,3.15,2.9095383
18,0,98.03515413,83.17252107,A,B,3.5,3.3018181
26,1,83.87494247,66.02596974,A,D,2.35,2.500703
26,0,50.67714174,54.37988701,C,D,1.375,1.3428159
18,0,83.95768241,52.98636613,E,B,2.15,2.1358123
18,1,52.90952809,68.54693583,C,C,2.05,2.0320187
21,0,82.1895663,79.67363157,A,C,3.35,2.8583677
22,1,79.12271316,66.11792139,B,B,2.475,2.5074296
23,0,64.68921266,95.09883287,A,B,2.625,2.7404513
18,0,76.779503,81.08728994,B,D,2.325,2.4125273
25,0,98.85402223,70.41886227,B,B,2.925,3.0214796
24,1,59.14275751,69.5376041,C,B,2.25,2.1159136
19,1,60.54360183,55.80758885,E,C,1.188,1.3829101
25,0,75.84855566,69.00618151,A,C,2.55,2.517586
18,0,78.14352981,68.24887172,B,D,2.325,2.5365534
20,1,90.0080852,68.93762455,A,D,2.525,2.536018
26,1,68.08879245,79.42970469,A,D,2.5,2.5063844
23,0,55.65309595,89.34376488,C,B,2.7,2.469951
24,1,85.21916114,95.51264567,A,B,3.575,3.461887
21,0,97.37647969,70.77849071,A,C,2.825,3.0044324
23,0,50.6433329,82.11491263,D,D,1.988,2.071797
26,0,52.60929341,53.40952217,F,D,1.4,1.186427
26,1,73.73170815,67.75774913,B,D,2.475,2.3464723
21,0,88.82704326,73.85422076,C,C,3.0,2.916999
18,1,50.94277162,91.85221002,C,C,2.7,2.4748983
22,0,76.84500834,55.10097034,B,A,2.262,2.1644325
19,1,84.00356356,93.32628359,B,C,2.975,2.9648206
23,1,55.11713876,72.3774658,D,A,2.338,2.0946293
23,1,51.83422948,61.40711831,E,B,1.225,1.250194
20,0,76.19216123,89.42802729,C,A,3.025,2.9807441
21,0,55.78830723,60.10124154,F,F,1.5,1.2325993
20,1,56.34054629,54.65278048,F,B,1.625,1.2364008
22,0,91.69568344,82.06505095,B,A,3.0,3.031529
19,1,80.98843238,68.81754761,C,C,2.275,2.4968796
25,1,61.64152558,73.3836255,A,E,2.088,2.0707545
21,0,82.80660373,82.95021608,B,B,2.95,2.9924831
24,1,84.27577581,86.99265002,A,A,3.075,3.0511677
26,0,68.95149009,59.73143218,E,D,1.862,2.0192327
26,1,53.69685652,84.60609894,A,A,2.275,2.2771235
25,0,78.30033014,77.8932516,B,D,2.375,2.4807127
20,0,89.23388595,86.01221728,B,B,2.925,3.0397542
23,1,93.7338741,80.76541087,B,B,3.0,3.0236068
22,0,64.6999694,85.16538178,C,D,2.225,2.4298358
23,1,82.39015034,55.37777113,C,E,1.912,2.3319917
25,1,77.6340708,82.26394194,A,C,2.1,2.7662013
23,0,75.81368566,69.24571735,A,D,3.025,2.4340112
18,1,81.56009164,61.95997041,C,D,2.725,2.364968
21,1,56.37145089,53.18387695,B,F,1.45,1.3354878
24,0,62.75596286,76.10305582,D,A,1.95,2.2363055
19,0,66.68453726,84.16953987,C,C,2.375,2.4914541
21,1,52.60624828,74.35906061,C,B,2.088,2.10877
23,1,66.73647824,85.32863082,D,D,2.35,2.3885093
19,0,99.66391218,64.23239262,B,A,2.825,3.098558
24,0,87.39364404,91.29842981,A,B,2.9,3.333678
22,1,86.46691229,87.32429276,C,A,2.975,3.0332782
24,1,57.63441236,69.96907002,B,E,2.188,2.0838344
18,1,94.84251601,73.64187882,C,C,3.125,2.9414876
25,0,81.36935051,83.2201169,C,B,3.125,2.9422128
25,1,53.58280438,69.73426801,B,E,2.338,2.0665934
23,0,92.39917088,65.34149053,D,C,2.075,2.4828901
22,1,81.58906492,98.36627254,B,B,2.85,3.2080865
26,0,60.03957755,89.80556792,B,B,2.325,2.5910678
26,0,57.70645207,58.47386417,C,E,1.075,1.2880464
18,1,68.36344521,63.52015137,C,B,2.05,2.1748521
19,0,89.55839083,61.1325913,A,C,2.525,2.5007262
20,1,69.59418806,86.17578907,A,A,2.65,2.6237195
24,1,72.7837302,85.25890959,A,B,2.525,2.6781766
26,1,86.37982103,65.45116166,B,B,2.4,2.6107638
18,1,97.04525777,64.39244625,B,A,2.95,2.906946
25,0,76.39546297,63.71213126,D,A,2.825,2.350063
22,0,68.57434239,73.58877418,D,A,2.5,2.3958175
23,1,55.9025188,78.68917735,B,E,2.05,2.1253037
25,0,50.59991074,70.56723892,D,B,1.95,2.071606
25,1,97.50479583,78.91550098,B,A,3.05,3.0181873
24,0,99.47894881,73.92438145,C,C,2.95,2.955087
21,1,82.66178791,56.49289782,D,E,2.038,2.2945764
20,1,79.64586843,61.55188979,B,D,2.525,2.3554275
24,0,91.37769527,87.90943984,B,C,2.925,3.0633
20,1,68.52352159,62.23279603,C,B,1.975,2.1616333
21,0,80.92851929,57.62811195,E,C,2.013,2.1437833
19,1,70.66445757,87.03622377,C,D,2.525,2.6460786
19,0,59.26014965,59.12718566,E,F,1.375,1.3727324
24,0,85.29236139,59.30384002,D,D,2.325,2.4181693
26,0,53.74720855,83.97263518,D,C,2.112,1.9985214
22,0,97.18948884,64.74610006,A,A,2.75,2.9235778
26,1,79.78764015,85.8313613,B,C,3.0,2.9177556
26,1,54.18472879,85.13918062,D,D,2.3,2.1385624
20,0,88.45041225,55.81471171,D,D,2.4,2.430826
19,1,96.47582693,50.94512807,B,B,2.625,2.5945566
20,0,79.20657918,66.41990544,C,C,2.475,2.4942453
18,1,99.32588482,67.4119534,C,C,2.75,2.9335291
22,0,71.04410563,93.00033612,A,A,2.825,3.0237262
18,0,52.13607365,61.65581882,D,E,1.35,1.2173417
26,1,79.32466094,58.9989311,E,D,2.075,2.0893884
23,1,96.55354231,83.51575432,A,B,3.5,3.1565115
24,0,84.83894409,95.25279616,B,B,3.575,3.3015373
24,0,56.81721569,68.03412051,B,B,2.412,2.1632218
18,0,66.45147476,58.7661871,A,E,2.312,2.1070762
22,1,82.3055853,68.99838619,C,A,2.375,2.575504
25,0,91.32142989,82.02437703,C,B,2.925,2.974155
18,0,60.96235086,68.15685026,A,B,1.975,2.167814
24,0,71.38000128,58.17637721,E,C,2.038,2.0153308
21,1,82.15185302,78.20323714,A,A,2.975,2.6582847
19,1,58.83438916,84.49693966,C,D,2.425,2.353248
25,0,73.30893257,62.10567476,C,E,2.1,2.1009157
20,0,69.92216977,68.77781935,B,D,2.175,2.289181
18,0,50.55874507,56.7555625,C,C,1.462,1.3273572
23,0,91.48589656,66.24016875,B,D,2.575,2.534589
19,0,65.41727898,50.2948439,F,D,1.35,1.1102488
19,0,84.70949231,99.36972236,B,A,3.525,3.5133665
20,0,98.4449788,73.26350694,C,B,2.925,2.9538007
22,1,62.77901972,50.54973544,F,F,1.188,1.2042538
18,1,56.69570807,74.97734507,C,E,2.2,1.9715129
20,0,76.5712695,61.7913579,E,C,1.788,2.1683545
24,0,70.09671469,86.88377823,C,C,2.4,2.6618567
24,1,72.89230046,63.99625034,A,A,2.562,2.266009
18,1,72.24687089,52.1767103,D,E,2.188,2.0328052
26,1,91.92809477,91.05048522,B,A,3.55,3.4807496
25,0,92.12009014,60.80328864,B,C,2.4,2.5071461
24,1,77.39671818,91.46556298,B,B,3.3,3.009024
23,0,95.07780306,90.73838432,A,A,3.6,3.5187206
21,1,73.74710233,53.45325998,D,B,2.425,2.0793972
20,1,95.2733011,51.55720406,B,B,2.575,2.5310585
23,1,84.43053788,52.04530453,E,E,2.188,2.0020204
19,1,77.08898156,82.5080889,B,D,2.2,2.551877
19,0,84.54752594,60.86865096,C,B,2.5,2.4886656
24,1,52.44047233,94.19406903,A,C,2.8,2.4944665
18,1,50.29039011,70.14306666,E,C,2.162,2.1343746
26,1,52.7227385,98.23880522,D,C,2.075,2.4655545
24,0,88.80637233,86.19101533,C,C,3.0,2.982887
20,1,63.200331,79.33284212,A,A,2.85,2.4820745
26,0,63.28740175,70.10859675,E,C,1.85,2.0685432
26,0,81.74178379,70.04139275,D,D,2.05,2.3415084
20,0,54.42222844,62.57244502,B,E,1.512,1.3370014
21,0,80.07608279,71.06108917,D,B,2.525,2.475675
25,1,99.25171932,93.59698052,B,B,3.425,3.4754333
22,0,87.87252984,80.7012259,C,A,3.025,2.985554
26,0,81.33990167,85.88413526,C,C,3.0,2.9271169
23,1,75.61417309,58.78041648,D,B,2.438,2.064548
20,1,94.5343351,95.70854099,B,A,3.35,3.506657
24,0,74.99115699,90.26979323,B,B,2.925,2.968078
19,0,60.77125854,93.41828838,B,A,2.525,2.5955284
22,1,66.15192022,62.18982503,C,D,2.25,2.1269975
20,0,90.20549526,68.19207892,C,C,2.5,2.5790808
20,0,90.5479487,98.93612808,A,B,3.525,3.5119088
22,1,92.89989376,72.80562321,A,C,3.125,3.0058336
24,0,73.47309046,95.66952187,B,C,2.9,2.9944363
18,0,50.04306697,96.26617983,C,C,2.525,2.4394689
24,0,87.73406089,64.20747028,D,A,2.275,2.5390935
25,0,73.2394678,93.9243534,C,C,2.825,2.925053
23,0,78.15853796,61.34043398,C,A,1.925,2.3407147
25,0,77.28435647,74.58811361,B,D,2.45,2.464858
21,0,54.57764387,93.25542627,B,D,2.6,2.453862
26,1,89.26366328,86.93873793,B,C,2.85,3.0013216
24,1,56.48122145,93.08857438,D,A,2.2,2.487411
20,1,53.05230212,63.16497832,D,C,1.125,1.2734265
21,1,89.3183216,55.26689992,C,A,2.825,2.5132537
24,1,94.27485947,95.53467168,A,A,3.55,3.5221202
18,1,94.59680882,59.5487831,B,A,2.725,2.526773
19,0,77.72320646,80.19911178,D,C,2.725,2.475965
25,1,75.95191893,97.83412442,A,B,3.075,3.0515237
19,0,60.21753182,85.98509638,D,A,2.375,2.433686
20,1,75.73497834,82.27505482,A,D,2.375,2.4906087
18,0,90.72938044,67.64692933,C,A,2.4,2.558419
26,0,97.85542071,92.97374197,B,A,3.45,3.4901547
19,1,91.57287235,96.79215503,A,B,3.55,3.4991565
19,0,60.16103727,68.39755579,E,D,1.838,2.0140932
18,1,83.55122545,91.26530795,A,C,3.1,2.9821596
24,1,80.41671475,72.11364017,C,B,2.55,2.5360084
21,1,56.93718717,65.08559412,B,C,2.275,1.9965492
23,0,66.33760137,63.70970949,C,C,2.425,2.1119475
19,1,67.2062584,80.37235774,C,C,2.275,2.4737296
20,0,74.92255434,94.06221516,A,B,2.925,3.0410607
21,0,87.83081107,88.76937232,B,A,3.15,3.164899
24,1,94.72502038,92.61991369,A,B,3.45,3.4973772
21,0,93.46062527,56.12317491,B,B,2.425,2.544596
18,0,56.89711376,78.28021298,D,D,2.275,2.102587
19,0,70.02764399,98.07794223,B,A,2.9,3.03016
26,0,68.13674883,89.35254349,A,B,2.65,2.6774795
19,0,71.41774255,68.95685972,C,A,2.525,2.3513987
25,1,61.49445895,62.62466233,E,C,2.013,1.917409
24,1,83.04898079,53.0353451,B,B,2.512,2.1446528
19,1,96.72264867,85.79601262,B,B,3.4,3.3967478
23,0,90.77582202,55.07312939,A,C,2.325,2.5538714
25,1,56.91513644,54.71837523,F,F,1.112,1.2620825
18,1,89.36857737,74.55657519,B,A,3.0,2.9314907
18,1,71.36910079,83.82202821,C,C,2.475,2.5582035
22,1,82.64831038,55.50776597,E,E,1.862,2.288782
26,1,65.96967022,92.85238205,B,D,2.65,2.6055133
26,1,81.51820044,98.36847217,B,C,3.125,3.0512738
24,1,77.87158708,63.10352526,C,C,2.7,2.3834596
24,1,98.67985888,68.00662327,C,B,2.8,2.887699
19,0,85.21817273,58.83595203,C,D,2.525,2.415445
22,0,78.03833772,82.43272274,A,C,2.775,2.7762663
26,0,69.50290084,95.27625194,B,C,3.025,2.9467964
20,1,78.45721879,85.89108712,B,C,3.025,2.933827
25,1,57.68097054,70.76081905,C,A,2.075,2.1125302
24,1,95.46886268,89.89779169,B,A,3.6,3.4921246
23,0,75.14881995,68.06899271,C,B,2.525,2.440069
21,0,75.96192296,68.9282332,D,D,2.475,2.3856277
23,1,80.8756748,54.53891742,D,E,2.425,2.0725186
23,1,97.13887268,68.27479963,B,C,3.025,3.0211663
22,0,65.15477799,73.64498621,C,D,2.288,2.2925308
23,1,71.73617587,70.6874578,A,A,2.825,2.5295982
18,1,82.34449533,87.37747887,C,B,2.7,2.9978526
25,1,66.48498131,53.13145792,F,E,1.175,1.5220417
23,1,72.12802234,50.23631148,D,E,2.175,2.06627
21,0,60.00372712,71.1894689,A,A,1.85,2.2074018
22,0,59.94960191,64.57414496,A,A,2.325,2.226088
26,1,66.17562847,95.65655423,C,C,3.025,2.8962069
21,0,66.569893,93.63747291,B,C,2.925,2.810423
26,1,54.95486276,73.74646088,A,E,2.125,2.0745966
24,1,87.89697077,70.29224043,A,D,2.4,2.5847743
25,0,64.44814003,67.67940788,A,C,2.375,2.1797419
26,1,91.7573315,90.04620335,B,B,3.325,3.3740933
19,0,81.15008485,70.00511328,C,A,2.7,2.5478652
24,0,82.75246681,94.05965527,B,B,3.2,3.1172178
21,1,99.16550864,64.26623676,A,B,3.1,2.9870358
19,0,99.96420105,81.25946927,A,A,3.475,3.2963135
22,1,76.65704876,71.15896429,B,C,2.6,2.5036159
25,0,56.27923213,90.90077166,C,D,2.4,2.4104478
18,0,64.91647993,99.54874938,B,B,3.0,3.0293686
18,1,74.99281174,70.33856379,C,A,2.525,2.521216
25,1,78.79056113,74.55182034,A,C,2.55,2.5600557
18,1,77.63610752,90.17120409,C,C,3.125,2.9390929
22,0,89.16970125,89.46059576,C,C,2.8,2.9266696
22,0,76.41312484,94.46630775,A,C,3.225,2.9822469
26,0,66.6482236,76.27273522,A,B,2.75,2.5288088
24,0,64.57980829,52.27075906,F,B,1.362,1.352982
24,0,86.72336416,68.25030743,B,C,2.5,2.631321
18,0,87.19436905,66.10844648,A,B,2.4,2.6144567
24,1,57.51336288,92.32868007,C,D,2.35,2.4107487
20,1,65.83272693,54.95993432,C,B,1.988,1.9491302
22,1,53.8657413,76.39463708,B,E,1.9,2.1246736
25,0,78.51202718,77.26641621,A,A,2.375,2.600616
24,1,82.75996126,57.74459045,A,B,2.425,2.452809
23,1,87.2788266,85.77957182,C,B,3.15,3.0129523
25,1,68.46113689,54.61355469,B,A,1.988,2.0256715
19,1,54.55529157,81.98253232,B,D,2.025,2.1251535
25,0,61.62997964,65.96074322,A,C,1.988,2.080557
23,0,75.72424662,94.73538441,C,B,3.025,2.9816782
23,0,89.63640266,87.92887232,A,B,2.95,3.114307
22,1,85.11906591,73.74086446,A,B,2.8,2.7852502
20,0,75.17915778,84.64686536,B,B,2.2,2.7850165
26,0,66.8403059,60.93199219,B,A,2.262,2.207976
23,1,50.74355101,78.16259496,D,A,2.288,2.1494257
19,1,79.86370281,77.46116372,C,C,2.15,2.5454855
18,0,79.54277967,98.78096396,C,C,3.0,2.9525
21,1,58.42947954,91.29260039,B,A,2.475,2.5724692
23,1,96.34868059,80.32959659,A,A,3.025,3.0528018
19,1,55.88295729,59.18529733,D,C,1.275,1.3012362
20,0,68.41571546,51.70557352,B,A,2.1,2.0186915
22,0,68.98103418,50.75634811,F,C,1.262,1.5120835
24,1,55.41362498,88.42722605,A,A,2.7,2.567633
24,1,77.54236178,77.72207721,D,D,2.375,2.3847713
19,1,74.1751692,54.36332433,C,E,2.125,2.0141265
24,0,51.27396693,68.78772814,D,A,2.238,2.0342543
20,1,83.71752657,92.19775401,A,C,2.925,2.9855058
22,1,78.64562306,72.47934942,A,A,2.75,2.5805612
25,0,73.47506371,76.26454852,A,D,2.875,2.4581833
18,0,76.46037038,68.5464738,B,A,2.475,2.4766903
22,0,61.50266181,50.58242578,B,F,1.462,1.2968385
23,1,54.96715637,67.26954917,C,D,2.325,2.1178865
19,0,59.49360336,99.05124717,A,D,2.5,2.543731
